date,team,opponent,home_away,result,home_score,visitor_score,overtime,g,goals,assists,points,shots,sog,man_up_g,man_down_g,gb,to,ct,fo_won,f_os_taken,pen,pen_time,g_min,goals_allowed,saves,w,l,t,rc,yc,clears,att.x,clear_pct.x,otg.x,defensive_g,defensive_goals,defensive_assists,defensive_points,defensive_shots,defensive_sog,defensive_man_up_g,defensive_man_down_g,defensive_gb,defensive_to,defensive_ct,defensive_fo_won,defensive_f_os_taken,defensive_pen,defensive_pen_time,defensive_g_min,defensive_goals_allowed,defensive_saves,defensive_w,defensive_l,defensive_t,defensive_rc,defensive_yc,defensive_clears,att.y,clear_pct.y,otg.y
2020-02-01,Air Force Falcons,Duke,Away,FALSE,14,13,NA,1,14,8,22,26,22,0,0,17,17,4,9,30,3,150,60:00,13,17,0,0,0,0,0,21,26,0.808,NA,1,13,8,21,47,30,0,0,36,17,6,21,30,2,90,60:00,14,8,0,0,0,0,0,17,17,1,NA
2020-02-08,Air Force Falcons,Denver,Home,FALSE,7,13,NA,1,7,5,12,31,16,1,0,21,14,8,6,23,7,300,60:00,13,20,0,0,0,0,0,17,21,0.81,NA,1,13,7,20,46,33,3,0,35,13,9,17,23,1,30,60:00,7,9,0,0,0,0,0,14,16,0.875,NA
2020-02-15,Air Force Falcons,Utah,Away,FALSE,9,8,NA,1,9,6,15,40,21,0,0,22,11,3,9,20,5,180,60:00,8,15,0,0,0,0,0,13,14,0.929,NA,1,8,3,11,38,23,0,0,29,17,3,11,20,1,30,60:00,9,12,0,0,0,0,0,9,12,0.75,NA
2020-02-22,Air Force Falcons,"Cleveland St. Denver, Colo.",Away,FALSE,11,12,1,1,11,8,19,33,19,1,0,27,17,5,12,25,6,270,60:21,12,9,0,0,0,0,0,19,22,0.864,NA,1,12,8,20,37,21,2,0,33,20,8,13,25,5,270,60:21,11,8,0,0,0,0,0,18,19,0.947,1
2020-02-23,Air Force Falcons,"St. Bonaventure Denver, Colo.",Away,FALSE,11,5,NA,1,11,7,18,35,20,2,0,41,18,4,11,19,3,120,60:00,5,8,0,0,0,0,0,18,22,0.818,NA,1,5,3,8,25,13,0,0,20,15,7,8,19,3,90,60:00,11,9,0,0,0,0,0,16,21,0.762,NA
2020-03-01,Air Force Falcons,Virginia,Away,FALSE,5,15,NA,1,5,3,8,28,13,1,0,27,19,7,9,23,4,210,60:00,15,12,0,0,0,0,0,15,23,0.652,NA,1,15,10,25,40,27,2,0,37,16,14,14,23,4,240,60:00,5,8,0,0,0,0,0,23,25,0.92,NA
2020-03-08,Air Force Falcons,Canisius,Home,FALSE,15,11,NA,1,15,10,25,38,26,0,0,39,17,11,21,30,2,150,59:53,11,5,0,0,0,0,0,12,14,0.857,NA,1,11,6,17,27,16,0,0,27,16,7,9,30,1,60,59:53,15,11,0,0,0,0,0,12,14,0.857,NA
2020-02-08,Army West Point Black Knights,Massachusetts,Home,FALSE,17,4,NA,1,17,9,26,45,28,3,0,33,14,15,12,25,6,300,60:00,4,13,0,0,0,0,0,21,25,0.84,NA,1,4,2,6,26,17,0,0,30,23,4,13,25,6,360,60:00,17,11,0,0,0,0,0,16,20,0.8,NA
2020-02-10,Army West Point Black Knights,NJIT,Home,FALSE,19,1,NA,1,19,14,33,42,29,0,0,40,16,9,14,24,1,30,60:00,1,9,0,0,0,0,0,22,23,0.957,NA,1,1,0,1,18,10,0,0,37,27,7,10,24,2,90,60:00,19,10,0,0,0,0,0,14,21,0.667,NA
2020-02-15,Army West Point Black Knights,Rutgers,Home,FALSE,15,4,NA,1,15,12,27,39,21,0,0,37,22,8,15,22,3,150,60:00,4,18,0,0,0,0,0,18,23,0.783,NA,1,4,3,7,36,22,1,0,20,15,5,7,22,3,90,60:00,15,6,0,0,0,0,0,15,17,0.882,NA
2020-02-18,Army West Point Black Knights,Marist,Away,FALSE,9,17,NA,1,9,7,16,45,25,1,0,38,16,9,11,28,7,330,60:00,17,10,0,0,0,0,0,23,25,0.92,NA,1,17,12,29,38,27,2,0,36,19,7,17,28,5,210,60:00,9,16,0,0,0,0,0,20,26,0.769,NA
2020-02-23,Army West Point Black Knights,Syracuse,Away,FALSE,7,9,NA,1,7,5,12,32,25,1,0,30,14,7,3,19,1,60,60:00,9,16,0,0,0,0,0,25,29,0.862,NA,1,9,2,11,47,25,0,0,38,15,5,16,19,4,150,60:00,7,18,0,0,0,0,0,24,26,0.923,NA
2020-02-29,Army West Point Black Knights,Holy Cross,Home,FALSE,12,5,NA,1,12,8,20,39,25,1,0,40,23,12,8,18,3,180,60:00,5,9,0,0,0,0,0,16,25,0.64,NA,1,5,3,8,28,14,1,0,30,29,14,10,18,3,180,60:00,12,13,0,0,0,0,0,13,24,0.542,NA
2020-03-03,Army West Point Black Knights,Binghamton,Home,FALSE,15,10,NA,1,15,9,24,35,27,1,0,36,16,13,14,29,5,240,60:00,10,10,0,0,0,0,0,21,22,0.955,NA,1,10,10,20,37,20,2,0,32,22,5,15,29,2,90,60:00,15,12,0,0,0,0,0,18,22,0.818,NA
2020-03-07,Army West Point Black Knights,Lafayette,Away,FALSE,16,8,NA,1,16,11,27,50,27,1,0,33,14,12,10,28,1,30,60:00,8,8,0,0,0,0,0,20,24,0.833,NA,1,8,3,11,37,16,0,0,32,22,7,18,28,3,180,60:00,16,11,0,0,0,0,0,18,22,0.818,NA
2020-02-01,Bellarmine Knights,Utah,Away,FALSE,10,16,NA,1,10,4,14,35,20,0,0,21,17,3,12,29,0,0,60:00,16,20,0,0,0,0,0,11,12,0.917,NA,1,16,13,29,48,36,0,0,35,11,9,17,29,3,120,60:00,10,10,0,0,0,0,0,12,13,0.923,NA
2020-02-08,Bellarmine Knights,Marquette,Away,FALSE,10,11,NA,1,10,6,16,32,15,2,0,28,21,7,11,23,3,180,60:00,11,9,0,0,0,0,0,14,16,0.875,NA,1,11,7,18,33,20,1,0,40,20,11,12,23,5,270,60:00,10,5,0,0,0,0,0,16,21,0.762,NA
2020-02-11,Bellarmine Knights,Hampton,Home,FALSE,21,5,NA,1,21,11,32,58,42,1,0,36,21,13,11,28,5,270,60:00,5,8,0,0,0,0,0,18,19,0.947,NA,1,5,4,9,16,13,1,0,30,30,6,17,28,3,150,60:00,21,21,0,0,0,0,0,11,24,0.458,NA
2020-02-15,Bellarmine Knights,St. Bonaventure,Home,FALSE,13,5,NA,1,13,9,22,49,29,0,0,38,19,10,18,22,1,60,60:00,5,11,0,0,0,0,0,17,23,0.739,NA,1,5,4,9,27,16,1,0,14,20,6,4,22,1,30,60:00,13,16,0,0,0,0,0,23,27,0.852,NA
2020-02-18,Bellarmine Knights,Detroit Mercy,Away,FALSE,13,20,NA,1,13,4,17,40,25,1,0,28,7,9,10,37,4,210,60:00,20,8,0,0,0,0,0,16,18,0.889,NA,1,20,13,33,43,28,2,0,46,15,3,27,37,3,180,60:00,13,12,0,0,0,0,0,18,21,0.857,NA
2020-02-22,Bellarmine Knights,Boston U.,Home,FALSE,11,17,NA,1,11,6,17,38,22,1,0,25,20,14,7,31,3,120,60:00,17,8,0,0,0,0,0,22,23,0.957,NA,1,17,11,28,35,25,2,0,35,26,12,24,31,4,210,60:00,11,11,0,0,0,0,0,21,24,0.875,NA
2020-02-29,Bellarmine Knights,Georgetown,Away,FALSE,4,13,NA,1,4,4,8,31,19,1,0,25,22,6,6,21,1,60,60:00,13,14,0,0,0,0,0,17,24,0.708,NA,1,13,8,21,43,27,0,0,43,15,11,15,21,2,90,60:00,4,15,0,0,0,0,0,22,23,0.957,NA
2020-03-06,Bellarmine Knights,Cleveland St.,Away,FALSE,8,9,NA,1,8,5,13,33,17,1,0,28,17,9,2,20,4,270,60:00,9,16,0,0,0,0,0,25,32,0.781,NA,1,9,5,14,48,25,1,0,38,20,4,18,20,1,60,60:00,8,9,0,0,0,0,0,15,17,0.882,NA
2020-02-08,Binghamton Bearcats,Marist,Away,FALSE,4,12,NA,1,4,1,5,28,12,0,0,20,22,6,3,18,4,330,60:00,12,17,0,0,0,0,0,22,27,0.815,NA,1,12,7,19,42,29,2,0,24,14,13,15,18,5,240,60:00,4,8,0,0,0,0,0,17,18,0.944,NA
2020-02-15,Binghamton Bearcats,Syracuse,Away,FALSE,4,17,NA,1,4,2,6,21,15,0,0,31,21,6,4,25,2,90,60:00,17,18,0,0,0,0,0,21,24,0.875,NA,1,17,10,27,55,35,0,0,50,13,12,21,25,0,0,60:00,4,11,0,0,0,0,0,19,23,0.826,NA
2020-02-22,Binghamton Bearcats,Lafayette,Home,FALSE,11,10,3,1,11,8,19,42,23,1,0,30,17,13,13,24,4,180,72:00,10,9,0,0,0,0,0,17,19,0.895,1,1,10,5,15,29,19,1,0,39,23,8,11,24,6,300,72:00,11,12,0,0,0,0,0,25,27,0.926,NA
2020-02-25,Binghamton Bearcats,Bucknell,Home,FALSE,4,16,NA,1,4,1,5,17,8,0,0,30,27,13,7,24,6,300,60:00,16,20,0,0,0,0,0,20,33,0.606,NA,1,16,12,28,53,36,6,0,44,19,13,17,24,3,120,60:00,4,4,0,0,0,0,0,26,27,0.963,NA
2020-03-03,Binghamton Bearcats,Army West Point,Away,FALSE,10,15,NA,1,10,10,20,37,20,2,0,32,22,5,15,29,2,90,60:00,15,12,0,0,0,0,0,18,22,0.818,NA,1,15,9,24,35,27,1,0,36,16,13,14,29,5,240,60:00,10,10,0,0,0,0,0,21,22,0.955,NA
2020-03-07,Binghamton Bearcats,Hobart,Away,FALSE,9,16,NA,1,9,3,12,34,24,1,0,31,18,2,9,28,2,60,60:00,16,13,0,0,0,0,0,18,21,0.857,NA,1,16,11,27,45,29,1,0,34,18,6,19,28,1,30,60:00,9,15,0,0,0,0,0,19,21,0.905,NA
2020-02-01,Boston U. Terriers,Providence,Home,FALSE,5,12,NA,1,5,3,8,28,15,0,0,32,28,14,15,21,2,90,60:00,12,12,0,0,0,0,0,20,23,0.87,NA,1,12,8,20,42,24,1,0,32,22,10,6,21,0,0,60:00,5,10,0,0,0,0,0,22,29,0.759,NA
2020-02-08,Boston U. Terriers,Ohio St.,Home,FALSE,4,11,NA,1,4,3,7,43,22,1,0,38,20,16,15,18,1,60,60:00,11,8,0,0,0,0,0,21,25,0.84,NA,1,11,7,18,32,19,0,0,26,21,11,3,18,5,210,60:00,4,18,0,0,0,0,0,23,24,0.958,NA
2020-02-15,Boston U. Terriers,UMass Lowell,Away,FALSE,13,5,NA,1,13,6,19,47,29,3,0,29,12,7,10,20,5,240,60:00,5,17,0,0,0,0,0,21,23,0.913,NA,1,5,4,9,38,22,0,0,38,14,6,10,20,8,510,60:00,13,16,0,0,0,0,0,15,16,0.938,NA
2020-02-18,Boston U. Terriers,Bryant,Away,FALSE,10,15,NA,1,10,8,18,26,17,1,0,40,23,17,11,26,7,360,60:00,15,16,0,0,0,0,0,16,20,0.8,NA,1,15,6,21,50,31,2,0,38,22,14,15,26,6,330,60:00,10,7,0,0,0,0,0,18,23,0.783,NA
2020-02-22,Boston U. Terriers,Bellarmine,Away,FALSE,17,11,NA,1,17,11,28,35,25,2,0,35,26,12,24,31,4,210,60:00,11,11,0,0,0,0,0,21,24,0.875,NA,1,11,6,17,38,22,1,0,25,20,14,7,31,3,120,60:00,17,8,0,0,0,0,0,22,23,0.957,NA
2020-02-29,Boston U. Terriers,Colgate,Away,FALSE,13,12,NA,1,13,7,20,45,24,1,0,37,20,9,12,27,1,60,60:00,12,10,0,0,0,0,0,21,23,0.913,NA,1,12,7,19,31,22,1,0,32,22,4,15,27,5,270,60:00,13,11,0,0,0,0,0,18,25,0.72,NA
2020-02-15,Brown Bears,Quinnipiac,Home,FALSE,11,7,NA,1,11,5,16,60,32,3,0,34,12,7,13,20,4,240,60:00,7,11,0,0,0,0,0,20,23,0.87,NA,1,7,2,9,33,18,2,0,20,18,1,7,20,6,210,60:00,11,21,0,0,0,0,0,20,23,0.87,NA
2020-02-18,Brown Bears,Sacred Heart,Home,FALSE,20,7,NA,1,20,15,35,54,30,3,0,38,16,15,16,28,4,210,60:00,7,14,0,0,0,0,0,24,26,0.923,NA,1,7,3,10,34,21,2,0,26,20,4,12,28,4,210,60:00,20,10,0,0,0,0,0,16,19,0.842,NA
2020-02-22,Brown Bears,Stony Brook,Away,FALSE,10,11,1,1,10,5,15,61,32,0,0,33,14,5,15,24,4,150,64:00,11,12,0,0,0,0,0,13,15,0.867,NA,1,11,5,16,41,23,1,0,32,17,6,9,24,4,180,64:00,10,22,0,0,0,0,0,20,23,0.87,1
2020-02-29,Brown Bears,Providence,Home,FALSE,12,13,1,1,12,7,19,43,28,0,0,46,16,9,20,29,3,150,62:44,13,12,0,0,0,0,0,19,22,0.864,NA,1,13,7,20,41,25,2,0,34,16,6,9,29,3,150,62:44,12,16,0,0,0,0,0,20,26,0.769,1
2020-03-08,Brown Bears,Virginia,Home,FALSE,14,13,NA,1,14,5,19,46,31,2,0,35,14,9,16,31,6,300,60:00,13,16,0,0,0,0,0,19,26,0.731,NA,1,13,9,22,54,29,1,0,39,20,8,15,31,4,180,60:00,14,17,0,0,0,0,0,18,22,0.818,NA
2020-02-09,Bryant Bulldogs,Bucknell,Home,FALSE,9,11,NA,1,9,6,15,41,26,0,0,26,11,3,11,24,1,30,60:00,11,15,0,0,0,0,0,16,17,0.941,NA,1,11,5,16,43,26,0,0,34,10,5,13,24,3,120,60:00,9,17,0,0,0,0,0,20,21,0.952,NA
2020-02-15,Bryant Bulldogs,Providence,Away,FALSE,9,16,NA,1,9,5,14,37,24,1,0,23,18,6,13,29,3,180,60:00,16,10,0,0,0,0,0,13,17,0.765,NA,1,16,8,24,47,26,1,0,44,16,9,16,29,6,270,60:00,9,15,0,0,0,0,0,18,22,0.818,NA
2020-02-18,Bryant Bulldogs,Boston U.,Home,FALSE,15,10,NA,1,15,6,21,50,31,2,0,38,22,14,15,26,6,330,60:00,10,7,0,0,0,0,0,18,23,0.783,NA,1,10,8,18,26,17,1,0,40,23,17,11,26,7,360,60:00,15,16,0,0,0,0,0,16,20,0.8,NA
2020-02-22,Bryant Bulldogs,Dartmouth,Away,FALSE,8,11,NA,1,8,5,13,35,18,1,0,24,14,7,10,23,2,120,60:00,11,6,0,0,0,0,0,17,18,0.944,NA,1,11,7,18,30,17,0,0,36,15,12,13,23,2,120,60:00,8,14,0,0,0,0,0,19,23,0.826,NA
2020-02-29,Bryant Bulldogs,Manhattan,Away,FALSE,16,5,NA,1,16,10,26,55,33,2,0,33,13,5,19,25,2,120,60:00,5,7,0,0,0,0,0,13,14,0.929,NA,1,5,3,8,20,12,0,0,20,16,3,6,25,3,120,60:00,16,17,0,0,0,0,0,14,18,0.778,NA
2020-03-07,Bryant Bulldogs,Stony Brook,Home,FALSE,15,11,NA,1,15,7,22,42,29,1,1,29,11,7,14,29,6,330,60:00,11,18,0,0,0,0,0,17,19,0.895,NA,1,11,6,17,51,29,3,0,42,13,7,15,29,4,150,60:00,15,14,0,0,0,0,0,14,14,1,NA
2020-03-10,Bryant Bulldogs,North Carolina,Away,FALSE,16,18,NA,1,16,5,21,41,25,2,0,23,15,7,13,38,1,60,60:00,18,15,0,0,0,0,0,16,21,0.762,NA,1,18,12,30,44,33,1,0,44,12,6,25,38,4,120,60:00,16,9,0,0,0,0,0,13,15,0.867,NA
2020-02-01,Bucknell Bison,"Furman Durham, N.C.",Away,FALSE,16,9,NA,1,16,5,21,55,34,3,0,42,14,9,18,28,4,270,60:00,9,7,0,0,0,0,0,15,16,0.938,NA,1,9,7,16,28,16,2,0,24,21,4,10,28,5,240,60:00,16,18,0,0,0,0,0,19,26,0.731,NA
2020-02-09,Bucknell Bison,Bryant,Away,FALSE,11,9,NA,1,11,5,16,43,26,0,0,34,10,5,13,24,3,120,60:00,9,17,0,0,0,0,0,20,21,0.952,NA,1,9,6,15,41,26,0,0,26,11,3,11,24,1,30,60:00,11,15,0,0,0,0,0,16,17,0.941,NA
2020-02-15,Bucknell Bison,Sacred Heart,Home,FALSE,14,11,NA,1,14,11,25,56,33,1,0,44,18,17,17,29,3,150,60:00,11,17,0,0,0,0,0,16,23,0.696,NA,1,11,7,18,43,28,1,0,35,25,11,12,29,1,30,60:00,14,19,0,0,0,0,0,18,29,0.621,NA
2020-02-22,Bucknell Bison,Ohio St.,Home,FALSE,11,15,NA,1,11,6,17,37,24,0,0,34,16,11,14,29,1,60,60:00,15,11,0,0,0,0,0,14,21,0.667,NA,1,15,8,23,33,26,1,0,32,18,5,15,29,5,240,60:00,11,13,0,0,0,0,0,17,21,0.81,NA
2020-02-25,Bucknell Bison,Binghamton,Away,FALSE,16,4,NA,1,16,12,28,53,36,6,0,44,19,13,17,24,3,120,60:00,4,4,0,0,0,0,0,26,27,0.963,NA,1,4,1,5,17,8,0,0,30,27,13,7,24,6,300,60:00,16,20,0,0,0,0,0,20,33,0.606,NA
2020-02-29,Bucknell Bison,Marist,Home,FALSE,20,11,NA,1,20,13,33,56,33,0,0,41,16,18,16,34,6,300,60:00,11,9,0,0,0,0,0,20,23,0.87,NA,1,11,9,20,35,20,4,0,33,24,11,18,34,2,90,60:00,20,13,0,0,0,0,0,10,19,0.526,NA
2020-02-08,Canisius Golden Griffins,Hobart,Away,FALSE,8,22,NA,1,8,5,13,38,24,1,0,30,15,5,15,33,5,210,60:00,22,16,0,0,0,0,0,16,18,0.889,NA,1,22,6,28,53,38,3,0,31,14,7,18,33,6,240,60:00,8,16,0,0,0,0,0,18,24,0.75,NA
2020-02-15,Canisius Golden Griffins,Robert Morris,Home,FALSE,10,22,NA,1,10,4,14,27,18,1,0,42,22,6,11,35,4,180,60:00,22,19,0,0,0,0,0,13,21,0.619,NA,1,22,9,31,60,41,2,1,45,14,4,24,35,6,300,60:00,10,8,0,0,0,0,0,19,19,1,NA
2020-02-18,Canisius Golden Griffins,Michigan,Away,FALSE,8,16,NA,1,8,3,11,29,18,1,0,27,16,2,8,27,3,150,60:00,16,16,0,0,0,0,0,18,22,0.818,NA,1,16,7,23,52,32,2,0,50,11,7,19,27,3,120,60:00,8,10,0,0,0,0,0,15,17,0.882,NA
2020-02-22,Canisius Golden Griffins,Hartford,Away,FALSE,4,10,NA,1,4,3,7,25,16,0,0,16,15,1,6,18,4,150,60:00,10,24,0,0,0,0,0,18,22,0.818,NA,1,10,6,16,49,34,1,0,37,13,9,12,18,3,120,60:00,4,12,0,0,0,0,0,15,16,0.938,NA
2020-03-08,Canisius Golden Griffins,Air Force,Away,FALSE,11,15,NA,1,11,6,17,27,16,0,0,27,16,7,9,30,1,60,59:53,15,11,0,0,0,0,0,12,14,0.857,NA,1,15,10,25,38,26,0,0,39,17,11,21,30,2,150,59:53,11,5,0,0,0,0,0,12,14,0.857,NA
2020-02-01,Cleveland St. Vikings,Marquette,Home,FALSE,10,11,1,1,10,6,16,38,20,1,0,29,21,6,14,23,1,30,60:25,11,7,0,0,0,0,0,19,21,0.905,NA,1,11,4,15,37,18,0,0,32,17,12,9,23,4,210,60:25,10,10,0,0,0,0,0,20,26,0.769,1
2020-02-08,Cleveland St. Vikings,Michigan,Away,FALSE,9,16,NA,1,9,6,15,39,21,0,0,30,17,5,10,28,3,210,60:00,16,10,0,0,0,0,0,16,22,0.727,NA,1,16,11,27,48,26,4,0,43,17,10,18,28,2,90,60:00,9,12,0,0,0,0,0,19,26,0.731,NA
2020-02-15,Cleveland St. Vikings,Notre Dame,Away,FALSE,7,17,NA,1,7,3,10,36,21,1,0,31,18,6,17,28,5,270,60:00,17,13,0,0,0,0,0,16,19,0.842,NA,1,17,10,27,47,30,2,0,32,14,7,11,28,1,60,60:00,7,14,0,0,0,0,0,24,29,0.828,NA
2020-02-22,Cleveland St. Vikings,"Air Force Denver, Colo.",Away,FALSE,12,11,1,1,12,8,20,37,21,2,0,33,20,8,13,25,5,270,60:21,11,8,0,0,0,0,0,18,19,0.947,1,1,11,8,19,33,19,1,0,27,17,5,12,25,6,270,60:21,12,9,0,0,0,0,0,19,22,0.864,NA
2020-02-23,Cleveland St. Vikings,Denver,Away,FALSE,6,10,NA,1,6,3,9,29,10,1,0,28,24,6,11,20,2,60,60:00,10,12,0,0,0,0,0,13,22,0.591,NA,1,10,3,13,41,22,0,0,27,10,15,9,20,3,90,60:00,6,4,0,0,0,0,0,21,21,1,NA
2020-03-06,Cleveland St. Vikings,Bellarmine,Home,FALSE,9,8,NA,1,9,5,14,48,25,1,0,38,20,4,18,20,1,60,60:00,8,9,0,0,0,0,0,15,17,0.882,NA,1,8,5,13,33,17,1,0,28,17,9,2,20,4,270,60:00,9,16,0,0,0,0,0,25,32,0.781,NA
2020-03-09,Cleveland St. Vikings,"Mercer Towson, Md.",Away,FALSE,13,16,NA,1,13,8,21,42,21,1,0,25,15,6,16,30,2,90,60:00,16,5,0,0,0,0,0,14,18,0.778,NA,1,16,9,25,36,21,0,0,22,19,5,14,30,5,240,60:00,13,8,0,0,0,0,0,17,20,0.85,NA
2020-02-01,Colgate Raiders,North Carolina,Away,FALSE,6,19,NA,1,6,3,9,33,20,2,0,39,27,10,12,28,5,270,60:00,19,12,0,0,0,0,0,16,22,0.727,NA,1,19,11,30,42,31,3,1,39,19,11,16,28,6,240,60:00,6,14,0,0,0,0,0,19,26,0.731,NA
2020-02-07,Colgate Raiders,Syracuse,Away,FALSE,14,21,NA,1,14,6,20,45,26,3,0,30,21,7,14,39,2,120,60:00,21,15,0,0,0,0,0,15,23,0.652,NA,1,21,11,32,65,36,1,1,45,10,13,25,39,6,300,60:00,14,12,0,0,0,0,0,22,22,1,NA
2020-02-18,Colgate Raiders,Princeton,Away,FALSE,11,20,NA,1,11,8,19,47,21,3,0,40,20,8,19,33,4,180,60:00,20,18,0,0,0,0,0,14,21,0.667,NA,1,20,14,34,54,38,2,0,40,13,12,14,33,6,300,60:00,11,10,0,0,0,0,0,17,18,0.944,NA
2020-02-22,Colgate Raiders,Hobart,Away,FALSE,13,21,NA,1,13,9,22,45,31,4,0,31,17,5,19,39,6,300,60:00,21,16,0,0,0,0,0,20,22,0.909,NA,1,21,9,30,61,37,3,0,36,15,8,20,39,7,330,60:00,13,18,0,0,0,0,0,19,23,0.826,NA
2020-02-29,Colgate Raiders,Boston U.,Home,FALSE,12,13,NA,1,12,7,19,31,22,1,0,32,22,4,15,27,5,270,60:00,13,11,0,0,0,0,0,18,25,0.72,NA,1,13,7,20,45,24,1,0,37,20,9,12,27,1,60,60:00,12,10,0,0,0,0,0,21,23,0.913,NA
2020-03-07,Colgate Raiders,Navy,Away,FALSE,14,16,NA,1,14,11,25,57,29,1,0,37,11,5,23,34,5,270,60:00,16,10,0,0,0,0,0,15,15,1,NA,1,16,12,28,43,26,3,0,41,10,7,11,34,4,210,60:00,14,15,0,0,0,0,0,19,22,0.864,NA
2020-02-15,Cornell Big Red,UAlbany,Away,FALSE,19,10,NA,1,19,7,26,50,32,0,0,49,17,7,21,32,4,210,60:00,10,10,0,0,0,0,0,21,24,0.875,NA,1,10,8,18,37,20,1,0,32,16,8,11,32,4,210,60:00,19,13,0,0,0,0,0,21,24,0.875,NA
2020-02-21,Cornell Big Red,Towson,Away,FALSE,17,10,NA,1,17,8,25,48,30,0,0,40,14,9,21,31,1,60,60:00,10,8,0,0,0,0,0,17,20,0.85,NA,1,10,6,16,34,18,1,0,28,14,7,10,31,1,60,60:00,17,13,0,0,0,0,0,13,15,0.867,NA
2020-02-23,Cornell Big Red,High Point Calvert Hall,Away,FALSE,21,11,NA,1,21,15,36,43,33,4,0,46,19,9,24,35,10,570,60:00,11,10,0,0,0,0,0,21,24,0.875,NA,1,11,7,18,40,21,5,0,21,19,8,11,35,6,240,60:00,21,12,0,0,0,0,0,23,30,0.767,NA
2020-03-01,Cornell Big Red,Ohio St.,Away,FALSE,17,16,NA,1,17,11,28,47,32,2,0,25,9,6,7,37,7,420,60:00,16,9,0,0,0,0,0,20,23,0.87,NA,1,16,7,23,42,25,1,0,33,25,4,30,37,5,300,60:00,17,15,0,0,0,0,0,12,16,0.75,NA
2020-03-08,Cornell Big Red,"Penn St. Cornelius, N.C.",Away,FALSE,18,17,NA,1,18,11,29,40,27,2,0,41,11,9,19,39,7,390,60:00,17,6,0,0,0,0,0,11,11,1,NA,1,17,9,26,33,23,3,0,45,17,3,20,39,2,90,60:00,18,9,0,0,0,0,0,11,16,0.688,NA
2020-02-15,Dartmouth Big Green,Merrimack,Away,FALSE,13,11,NA,1,13,7,20,36,22,1,0,35,17,9,13,27,4,300,60:00,11,14,0,0,0,0,0,19,23,0.826,NA,1,11,7,18,40,25,4,0,29,14,10,14,27,3,90,60:00,13,9,0,0,0,0,0,12,17,0.706,NA
2020-02-22,Dartmouth Big Green,Bryant,Home,FALSE,11,8,NA,1,11,7,18,30,17,0,0,36,15,12,13,23,2,120,60:00,8,14,0,0,0,0,0,19,23,0.826,NA,1,8,5,13,35,18,1,0,24,14,7,10,23,2,120,60:00,11,6,0,0,0,0,0,17,18,0.944,NA
2020-02-29,Dartmouth Big Green,UMass Lowell,Away,FALSE,14,5,NA,1,14,7,21,35,19,1,1,31,15,6,13,21,5,210,60:00,5,10,0,0,0,0,0,18,19,0.947,NA,1,5,4,9,33,15,1,0,23,16,2,8,21,5,240,60:00,14,5,0,0,0,0,0,14,15,0.933,NA
2020-03-07,Dartmouth Big Green,Vermont,Away,FALSE,8,9,NA,1,8,5,13,31,20,2,0,19,14,7,8,19,5,270,60:00,9,16,0,0,0,0,0,13,16,0.812,NA,1,9,5,14,30,23,2,0,23,15,7,11,19,5,270,60:00,8,12,0,0,0,0,0,17,20,0.85,NA
2020-02-08,Delaware Blue Hens,Mount St. Mary's,Home,FALSE,14,8,NA,1,14,9,23,40,26,1,3,34,16,10,10,26,8,540,60:00,8,19,0,0,0,0,0,17,20,0.85,NA,1,8,4,12,48,27,4,0,38,14,9,16,26,5,300,60:00,14,12,0,0,0,0,0,10,12,0.833,NA
2020-02-15,Delaware Blue Hens,NJIT,Home,FALSE,13,1,NA,1,13,7,20,55,32,0,0,34,14,18,11,18,3,90,60:00,1,14,0,0,0,0,0,26,29,0.897,NA,1,1,1,2,22,15,0,0,26,23,10,7,18,2,120,60:00,13,19,0,0,0,0,0,20,24,0.833,NA
2020-02-18,Delaware Blue Hens,Saint Joseph's,Away,FALSE,8,11,NA,1,8,5,13,42,26,2,0,21,11,3,8,22,5,210,60:00,11,9,0,0,0,0,0,18,19,0.947,NA,1,11,6,17,32,20,2,0,27,18,7,14,22,3,150,60:00,8,18,0,0,0,0,0,21,22,0.955,NA
2020-02-22,Delaware Blue Hens,Monmouth,Away,FALSE,11,2,NA,1,11,8,19,42,26,2,0,33,16,10,7,15,3,180,60:00,2,12,0,0,0,0,0,21,23,0.913,NA,1,2,1,3,23,14,0,0,26,20,5,8,15,5,270,60:00,11,15,0,0,0,0,0,20,23,0.87,NA
2020-02-29,Delaware Blue Hens,Villanova,Home,FALSE,10,19,NA,1,10,5,15,46,25,2,0,25,12,13,13,32,4,180,60:00,19,3,0,0,0,0,0,13,14,0.929,NA,1,19,11,30,40,22,1,0,40,24,6,19,32,4,210,60:00,10,15,0,0,0,0,0,23,26,0.885,NA
2020-03-07,Delaware Blue Hens,Marist,Away,FALSE,15,14,NA,1,15,9,24,43,25,2,1,30,13,4,10,32,3,150,60:00,14,14,0,0,0,0,0,19,22,0.864,NA,1,14,10,24,41,28,3,0,43,12,6,22,32,5,240,60:00,15,10,0,0,0,0,0,17,19,0.895,NA
2020-02-08,Denver Pioneers,Air Force,Away,FALSE,13,7,NA,1,13,7,20,46,33,3,0,35,13,9,17,23,1,30,60:00,7,9,0,0,0,0,0,14,16,0.875,NA,1,7,5,12,31,16,1,0,21,14,8,6,23,7,300,60:00,13,20,0,0,0,0,0,17,21,0.81,NA
2020-02-15,Denver Pioneers,Duke,Home,FALSE,13,15,NA,1,13,6,19,33,24,0,0,27,13,6,13,31,4,180,60:00,15,6,0,0,0,0,0,16,18,0.889,NA,1,15,7,22,43,21,2,0,28,15,7,18,31,4,150,60:00,13,11,0,0,0,0,0,15,17,0.882,NA
2020-02-22,Denver Pioneers,St. Bonaventure,Home,FALSE,16,3,NA,1,16,9,25,47,34,0,0,39,13,8,20,23,1,60,60:00,3,5,0,0,0,0,0,16,18,0.889,NA,1,3,3,6,22,8,1,0,19,17,3,3,23,2,60,60:00,16,18,0,0,0,0,0,21,25,0.84,NA
2020-02-23,Denver Pioneers,Cleveland St.,Home,FALSE,10,6,NA,1,10,3,13,41,22,0,0,27,10,15,9,20,3,90,60:00,6,4,0,0,0,0,0,21,21,1,NA,1,6,3,9,29,10,1,0,28,24,6,11,20,2,60,60:00,10,12,0,0,0,0,0,13,22,0.591,NA
2020-03-01,Denver Pioneers,North Carolina,Home,FALSE,13,15,NA,1,13,7,20,41,22,5,0,26,17,3,17,32,3,120,60:00,15,10,0,0,0,0,0,17,21,0.81,NA,1,15,9,24,43,25,2,0,33,14,4,15,32,7,300,60:00,13,9,0,0,0,0,0,18,18,1,NA
2020-03-07,Denver Pioneers,Notre Dame,Away,FALSE,14,11,NA,1,14,7,21,43,22,1,0,34,19,6,22,28,4,120,60:00,11,12,0,0,0,0,0,16,20,0.8,NA,1,11,6,17,36,23,1,0,21,12,10,6,28,3,150,60:00,14,8,0,0,0,0,0,18,20,0.9,NA
2020-02-01,Detroit Mercy Titans,Jacksonville,Away,FALSE,15,14,NA,1,15,4,19,40,28,3,0,29,14,4,18,33,4,210,60:00,14,7,0,0,0,0,0,15,19,0.789,NA,1,14,10,24,34,21,1,0,34,16,11,15,33,5,180,60:00,15,13,0,0,0,0,0,23,24,0.958,NA
2020-02-04,Detroit Mercy Titans,Ohio St.,Away,FALSE,9,23,NA,1,9,5,14,32,19,0,0,31,16,9,17,36,1,60,60:00,23,7,0,0,0,0,0,13,21,0.619,NA,1,23,21,44,50,30,0,0,41,17,9,19,36,0,0,60:00,9,10,0,0,0,0,0,19,20,0.95,NA
2020-02-18,Detroit Mercy Titans,Bellarmine,Home,FALSE,20,13,NA,1,20,13,33,43,28,2,0,46,15,3,27,37,3,180,60:00,13,12,0,0,0,0,0,18,21,0.857,NA,1,13,4,17,40,25,1,0,28,7,9,10,37,4,210,60:00,20,8,0,0,0,0,0,16,18,0.889,NA
2020-02-22,Detroit Mercy Titans,Marquette,Home,FALSE,6,18,NA,1,6,2,8,30,12,1,0,28,23,4,14,26,5,270,60:00,18,9,0,0,0,0,0,14,17,0.824,NA,1,18,5,23,47,27,2,0,29,14,12,12,26,6,240,60:00,6,6,0,0,0,0,0,21,22,0.955,NA
2020-03-04,Detroit Mercy Titans,Robert Morris,Home,FALSE,13,16,NA,1,13,6,19,39,22,0,1,40,23,4,21,32,7,300,60:00,16,16,0,0,0,0,0,14,21,0.667,NA,1,16,10,26,42,32,1,1,35,18,13,11,32,3,150,60:00,13,9,0,0,0,0,0,18,19,0.947,NA
2020-02-15,Drexel Dragons,High Point,Away,FALSE,15,16,NA,1,15,9,24,47,30,3,0,30,17,5,13,35,6,240,60:00,16,16,0,0,0,0,0,18,24,0.75,NA,1,16,7,23,42,32,4,0,34,16,9,22,35,5,210,60:00,15,15,0,0,0,0,0,17,20,0.85,NA
2020-02-22,Drexel Dragons,UAlbany,Away,FALSE,13,14,NA,1,13,6,19,46,23,0,0,50,19,8,15,32,2,60,60:00,14,11,0,0,0,0,0,24,30,0.8,NA,1,14,10,24,38,25,1,0,38,21,7,17,32,1,30,60:00,13,10,0,0,0,0,0,21,26,0.808,NA
2020-02-25,Drexel Dragons,Robert Morris,Home,FALSE,24,12,NA,1,24,14,38,57,36,4,0,49,25,10,26,40,6,330,60:00,12,17,0,0,0,0,0,20,25,0.8,NA,1,12,5,17,46,29,4,0,35,20,7,14,40,7,330,60:00,24,12,0,0,0,0,0,16,18,0.889,NA
2020-02-29,Drexel Dragons,Marquette,Home,FALSE,13,11,NA,1,13,6,19,36,23,0,0,24,18,4,10,27,5,180,60:00,11,6,0,0,0,0,0,18,20,0.9,NA,1,11,6,17,40,17,1,0,38,20,6,17,27,4,240,60:00,13,10,0,0,0,0,0,14,16,0.875,NA
2020-03-06,Drexel Dragons,Saint Joseph's Philadelphia,Away,FALSE,9,10,NA,1,9,6,15,51,29,1,0,38,15,13,7,23,4,120,60:00,10,6,0,0,0,0,0,22,25,0.88,NA,1,10,5,15,35,16,0,0,32,24,5,16,23,5,180,60:00,9,20,0,0,0,0,0,23,30,0.767,NA
2020-03-08,Drexel Dragons,Villanova,Away,FALSE,15,12,NA,1,15,10,25,42,26,4,0,32,11,6,14,30,6,300,60:00,12,14,0,0,0,0,0,15,15,1,NA,1,12,8,20,46,26,4,0,40,10,5,16,30,8,360,60:00,15,11,0,0,0,0,0,17,21,0.81,NA
2020-02-01,Duke Blue Devils,Air Force,Home,FALSE,13,14,NA,1,13,8,21,47,30,0,0,36,17,6,21,30,2,90,60:00,14,8,0,0,0,0,0,17,17,1,NA,1,14,8,22,26,22,0,0,17,17,4,9,30,3,150,60:00,13,17,0,0,0,0,0,21,26,0.808,NA
2020-02-08,Duke Blue Devils,High Point,Away,FALSE,17,8,NA,1,17,11,28,42,30,2,0,39,17,11,15,25,4,210,60:00,8,8,0,0,0,0,0,26,27,0.963,NA,1,8,6,14,32,16,1,0,35,23,7,10,25,6,390,60:00,17,13,0,0,0,0,0,21,24,0.875,NA
2020-02-15,Duke Blue Devils,Denver,Away,FALSE,15,13,NA,1,15,7,22,43,21,2,0,28,15,7,18,31,4,150,60:00,13,11,0,0,0,0,0,15,17,0.882,NA,1,13,6,19,33,24,0,0,27,13,6,13,31,4,180,60:00,15,6,0,0,0,0,0,16,18,0.889,NA
2020-02-22,Duke Blue Devils,"Penn Charlotte, N.C.",Away,FALSE,11,14,NA,1,11,7,18,28,18,0,0,33,25,12,12,29,2,60,60:00,14,13,0,0,0,0,0,23,30,0.767,NA,1,14,6,20,52,27,1,0,34,22,11,17,29,0,0,60:00,11,7,0,0,0,0,0,16,21,0.762,NA
2020-02-28,Duke Blue Devils,Richmond,Home,FALSE,16,15,1,1,16,9,25,39,27,0,0,42,15,8,18,33,3,120,61:12,15,4,0,0,0,0,0,19,22,0.864,1,1,15,7,22,32,19,1,0,25,15,4,15,33,1,30,61:12,16,11,0,0,0,0,0,14,14,1,NA
2020-03-01,Duke Blue Devils,Furman,Home,FALSE,19,6,NA,1,19,12,31,50,34,0,0,35,14,4,18,29,2,120,60:00,6,6,0,0,0,0,0,13,13,1,NA,1,6,4,10,26,12,1,0,22,18,3,11,29,3,90,60:00,19,15,0,0,0,0,0,14,16,0.875,NA
2020-03-07,Duke Blue Devils,Loyola Maryland,Away,FALSE,13,10,NA,1,13,8,21,35,22,0,0,27,12,8,11,27,6,210,60:00,10,15,0,0,0,0,0,16,18,0.889,NA,1,10,6,16,45,25,5,0,33,13,7,16,27,1,60,60:00,13,9,0,0,0,0,0,15,18,0.833,NA
2020-03-10,Duke Blue Devils,Jacksonville,Home,FALSE,18,8,NA,1,18,9,27,41,23,0,0,39,20,6,21,29,2,90,60:00,8,13,0,0,0,0,0,20,22,0.909,NA,1,8,6,14,29,21,0,1,16,14,0,8,29,3,120,60:00,18,5,0,0,0,0,0,19,20,0.95,NA
2020-02-15,Fairfield Stags,Stony Brook,Home,FALSE,18,16,NA,1,18,12,30,45,30,3,0,39,11,9,16,37,6,300,60:00,16,11,0,0,0,0,0,14,18,0.778,NA,1,16,4,20,48,27,2,0,39,16,5,21,37,4,210,60:00,18,12,0,0,0,0,0,10,14,0.714,NA
2020-02-18,Fairfield Stags,Merrimack,Home,FALSE,14,11,NA,1,14,11,25,41,22,2,0,35,21,7,15,28,6,270,60:00,11,8,0,0,0,0,0,14,20,0.7,NA,1,11,6,17,38,19,0,0,28,21,8,13,28,5,240,60:00,14,8,0,0,0,0,0,18,22,0.818,NA
2020-02-22,Fairfield Stags,Georgetown,Away,FALSE,12,25,NA,1,12,5,17,37,29,2,0,28,19,4,14,40,4,210,60:00,25,18,0,0,0,0,0,16,24,0.667,NA,1,25,18,43,66,43,4,0,53,23,8,26,40,3,120,60:00,12,17,0,0,0,0,0,18,23,0.783,NA
2020-02-29,Fairfield Stags,Quinnipiac,Home,FALSE,19,15,NA,1,19,13,32,46,31,2,0,29,10,10,11,36,4,210,60:00,15,14,0,0,0,0,0,21,25,0.84,NA,1,15,7,22,53,29,1,0,37,16,6,25,36,3,150,60:00,19,12,0,0,0,0,0,15,19,0.789,NA
2020-03-03,Fairfield Stags,LIU,Home,FALSE,19,15,NA,1,19,11,30,57,38,0,0,51,12,12,23,36,1,30,60:00,15,13,0,0,0,0,0,19,20,0.95,NA,1,15,11,26,37,28,1,0,30,19,2,13,36,5,150,60:00,19,19,0,0,0,0,0,15,22,0.682,NA
2020-03-07,Fairfield Stags,Harvard,Away,FALSE,12,15,NA,1,12,6,18,39,26,2,0,22,19,3,15,31,2,60,60:00,15,16,0,0,0,0,0,16,18,0.889,NA,1,15,5,20,43,31,1,1,24,17,4,16,31,3,120,60:00,12,14,0,0,0,0,0,16,22,0.727,NA
2020-03-10,Fairfield Stags,Siena,Away,FALSE,21,12,NA,1,21,14,35,60,42,4,0,47,23,6,26,37,5,270,60:00,12,17,0,0,0,0,0,18,25,0.72,NA,1,12,8,20,47,29,3,0,45,20,12,11,37,5,210,60:00,21,21,0,0,0,0,0,21,26,0.808,NA
2020-02-01,Furman Paladins,"Bucknell Durham, N.C.",Away,FALSE,9,16,NA,1,9,7,16,28,16,2,0,24,21,4,10,28,5,240,60:00,16,18,0,0,0,0,0,19,26,0.731,NA,1,16,5,21,55,34,3,0,42,14,9,18,28,4,270,60:00,9,7,0,0,0,0,0,15,16,0.938,NA
2020-02-08,Furman Paladins,Hampton,Home,FALSE,19,4,NA,1,19,10,29,67,30,2,0,44,32,15,11,27,2,60,60:00,4,8,0,0,0,0,0,17,21,0.81,NA,1,4,2,6,19,12,0,1,30,36,9,16,27,4,210,60:00,19,11,0,0,0,0,0,9,21,0.429,NA
2020-02-15,Furman Paladins,Navy,Away,FALSE,3,19,NA,1,3,1,4,16,7,0,0,12,19,6,4,26,3,120,60:00,19,11,0,0,0,0,0,14,20,0.7,NA,1,19,12,31,49,30,1,0,49,19,6,22,26,2,90,60:00,3,4,0,0,0,0,0,12,14,0.857,NA
2020-02-22,Furman Paladins,Utah,Away,FALSE,9,17,NA,1,9,6,15,34,19,1,0,28,19,6,8,28,7,300,60:00,17,22,0,0,0,0,0,17,21,0.81,NA,1,17,10,27,61,39,3,0,33,13,5,20,28,2,120,60:00,9,10,0,0,0,0,0,18,20,0.9,NA
2020-03-01,Furman Paladins,Duke,Away,FALSE,6,19,NA,1,6,4,10,26,12,1,0,22,18,3,11,29,3,90,60:00,19,15,0,0,0,0,0,14,16,0.875,NA,1,19,12,31,50,34,0,0,35,14,4,18,29,2,120,60:00,6,6,0,0,0,0,0,13,13,1,NA
2020-03-06,Furman Paladins,North Carolina,Home,FALSE,11,18,NA,1,11,7,18,22,17,2,0,20,21,8,7,32,1,30,60:00,18,14,0,0,0,0,0,18,25,0.72,NA,1,18,13,31,44,32,0,0,45,18,10,25,32,3,150,60:00,11,6,0,0,0,0,0,9,12,0.75,NA
2020-03-10,Furman Paladins,Penn St.,Home,FALSE,7,22,NA,1,7,5,12,36,20,2,0,33,18,13,10,32,2,90,60:00,22,14,0,0,0,0,0,18,21,0.857,NA,1,22,13,35,56,36,1,0,51,20,10,22,32,2,90,60:00,7,13,0,0,0,0,0,20,24,0.833,NA
2020-02-08,Georgetown Hoyas,Lafayette,Away,FALSE,17,3,NA,1,17,11,28,52,30,2,0,42,12,13,13,23,1,30,60:00,3,6,0,0,0,0,0,26,26,1,NA,1,3,0,3,22,9,0,0,20,24,7,10,23,3,150,60:00,17,13,0,0,0,0,0,21,26,0.808,NA
2020-02-15,Georgetown Hoyas,UMBC,Away,FALSE,14,8,NA,1,14,7,21,47,27,1,0,33,15,5,19,24,5,300,60:00,8,9,0,0,0,0,0,16,17,0.941,NA,1,8,4,12,34,17,0,0,23,13,9,5,24,2,90,60:00,14,13,0,0,0,0,0,17,21,0.81,NA
2020-02-22,Georgetown Hoyas,Fairfield,Home,FALSE,25,12,NA,1,25,18,43,66,43,4,0,53,23,8,26,40,3,120,60:00,12,17,0,0,0,0,0,18,23,0.783,NA,1,12,5,17,37,29,2,0,28,19,4,14,40,4,210,60:00,25,18,0,0,0,0,0,16,24,0.667,NA
2020-02-25,Georgetown Hoyas,Mount St. Mary's,Home,FALSE,14,7,NA,1,14,8,22,49,27,2,1,40,18,8,17,24,3,180,60:00,7,9,0,0,0,0,0,22,24,0.917,NA,1,7,3,10,35,16,0,0,24,17,9,7,24,2,90,60:00,14,13,0,0,0,0,0,21,23,0.913,NA
2020-02-29,Georgetown Hoyas,Bellarmine,Home,FALSE,13,4,NA,1,13,8,21,43,27,0,0,43,15,11,15,21,2,90,60:00,4,15,0,0,0,0,0,22,23,0.957,NA,1,4,4,8,31,19,1,0,25,22,6,6,21,1,60,60:00,13,14,0,0,0,0,0,17,24,0.708,NA
2020-03-07,Georgetown Hoyas,Towson,Away,FALSE,16,4,NA,1,16,7,23,44,25,0,0,36,16,5,15,24,1,60,60:00,4,9,0,0,0,0,0,23,23,1,NA,1,4,1,5,28,13,0,0,25,20,7,9,24,2,60,60:00,16,9,0,0,0,0,0,17,24,0.708,NA
2020-02-01,Hampton Pirates,NJIT,Away,FALSE,7,24,NA,1,7,3,10,21,15,0,0,23,25,9,13,33,4,180,60:00,24,12,0,0,0,0,0,16,25,0.64,NA,1,24,15,39,47,36,2,0,33,18,10,20,33,3,150,60:00,7,8,0,0,0,0,0,20,23,0.87,NA
2020-02-08,Hampton Pirates,Furman,Away,FALSE,4,19,NA,1,4,2,6,19,12,0,1,30,36,9,16,27,4,210,60:00,19,11,0,0,0,0,0,9,21,0.429,NA,1,19,10,29,67,30,2,0,44,32,15,11,27,2,60,60:00,4,8,0,0,0,0,0,17,21,0.81,NA
2020-02-11,Hampton Pirates,Bellarmine,Away,FALSE,5,21,NA,1,5,4,9,16,13,1,0,30,30,6,17,28,3,150,60:00,21,21,0,0,0,0,0,11,24,0.458,NA,1,21,11,32,58,42,1,0,36,21,13,11,28,5,270,60:00,5,8,0,0,0,0,0,18,19,0.947,NA
2020-02-22,Hampton Pirates,Mercer,Away,FALSE,6,28,NA,1,6,3,9,28,15,0,0,18,16,2,11,37,4,150,60:00,28,13,0,0,0,0,0,10,11,0.909,NA,1,28,15,43,58,41,3,0,40,6,5,26,37,6,270,60:00,6,9,0,0,0,0,0,16,18,0.889,NA
2020-03-06,Hampton Pirates,Jacksonville,Away,FALSE,1,18,NA,1,1,1,2,21,9,0,0,23,28,7,10,22,0,0,60:00,18,11,0,0,0,0,0,16,27,0.593,NA,1,18,12,30,58,29,0,0,38,23,17,12,22,2,90,60:00,1,8,0,0,0,0,0,25,28,0.893,NA
2020-03-11,Hampton Pirates,Greensboro,Away,FALSE,11,15,NA,1,11,8,19,45,19,0,0,42,25,9,25,30,1,30,60:00,15,10,0,0,0,0,0,12,16,0.75,NA,1,15,9,24,37,25,0,0,24,13,14,5,30,4,210,60:00,11,8,0,0,0,0,0,18,22,0.818,NA
2020-02-09,Hartford Hawks,Sacred Heart,Away,FALSE,11,14,NA,1,11,7,18,44,25,1,0,28,15,13,14,28,5,240,60:00,14,9,0,0,0,0,0,16,20,0.8,NA,1,14,12,26,41,23,3,0,27,21,10,14,28,5,210,60:00,11,14,0,0,0,0,0,24,25,0.96,NA
2020-02-15,Hartford Hawks,St. John's (NY),Away,FALSE,11,13,NA,1,11,5,16,46,19,0,0,31,20,14,13,28,4,180,59:54,13,8,0,0,0,0,0,22,27,0.815,NA,1,13,6,19,39,21,2,0,40,24,14,15,28,3,90,59:54,11,8,0,0,0,0,0,24,26,0.923,NA
2020-02-22,Hartford Hawks,Canisius,Home,FALSE,10,4,NA,1,10,6,16,49,34,1,0,37,13,9,12,18,3,120,60:00,4,12,0,0,0,0,0,15,16,0.938,NA,1,4,3,7,25,16,0,0,16,15,1,6,18,4,150,60:00,10,24,0,0,0,0,0,18,22,0.818,NA
2020-02-25,Hartford Hawks,Marist,Away,FALSE,6,14,NA,1,6,2,8,33,18,0,0,25,19,6,9,24,5,150,60:00,14,16,0,0,0,0,0,17,20,0.85,NA,1,14,6,20,52,30,4,0,30,11,10,15,24,6,270,60:00,6,12,0,0,0,0,0,17,19,0.895,NA
2020-03-03,Hartford Hawks,Manhattan,Home,FALSE,11,8,NA,1,11,8,19,48,26,0,0,27,16,7,17,23,3,120,60:00,8,14,0,0,0,0,0,16,19,0.842,NA,1,8,5,13,33,22,0,0,23,17,4,6,23,2,120,60:00,11,15,0,0,0,0,0,20,22,0.909,NA
2020-03-07,Hartford Hawks,Wagner,Away,FALSE,18,9,NA,1,18,12,30,42,30,4,0,30,11,7,20,31,8,450,60:00,9,12,0,0,0,0,0,11,12,0.917,NA,1,9,5,14,34,21,4,0,17,13,8,11,31,8,390,60:00,18,12,0,0,0,0,0,14,17,0.824,NA
2020-02-22,Harvard Crimson,Massachusetts,Away,FALSE,10,9,NA,1,10,7,17,29,16,1,0,19,18,7,6,22,2,60,60:00,9,17,0,0,0,0,0,17,25,0.68,NA,1,9,7,16,42,26,0,0,26,15,11,16,22,4,180,60:00,10,6,0,0,0,0,0,13,14,0.929,NA
2020-02-25,Harvard Crimson,Holy Cross,Away,FALSE,8,9,NA,1,8,5,13,28,15,0,0,16,14,9,5,20,7,270,60:00,9,19,0,0,0,0,0,17,19,0.895,NA,1,9,4,13,48,28,0,0,27,13,8,15,20,3,90,60:00,8,7,0,0,0,0,0,15,15,1,NA
2020-02-29,Harvard Crimson,UAlbany,Away,FALSE,14,15,NA,1,14,7,21,32,24,1,0,47,17,9,19,32,3,150,60:00,15,9,0,0,0,0,0,17,22,0.773,NA,1,15,11,26,42,24,0,0,36,14,7,13,32,1,30,60:00,14,10,0,0,0,0,0,23,26,0.885,NA
2020-03-07,Harvard Crimson,Fairfield,Home,FALSE,15,12,NA,1,15,5,20,43,31,1,1,24,17,4,16,31,3,120,60:00,12,14,0,0,0,0,0,16,22,0.727,NA,1,12,6,18,39,26,2,0,22,19,3,15,31,2,60,60:00,15,16,0,0,0,0,0,16,18,0.889,NA
2020-02-01,High Point Panthers,Maryland,Away,FALSE,12,23,NA,1,12,8,20,45,27,0,0,26,15,2,18,37,3,150,60:00,23,21,0,0,0,0,0,23,26,0.885,NA,1,23,15,38,70,44,1,0,36,11,7,19,37,5,210,60:00,12,15,0,0,0,0,0,25,25,1,NA
2020-02-08,High Point Panthers,Duke,Home,FALSE,8,17,NA,1,8,6,14,32,16,1,0,35,23,7,10,25,6,390,60:00,17,13,0,0,0,0,0,21,24,0.875,NA,1,17,11,28,42,30,2,0,39,17,11,15,25,4,210,60:00,8,8,0,0,0,0,0,26,27,0.963,NA
2020-02-15,High Point Panthers,Drexel,Home,FALSE,16,15,NA,1,16,7,23,42,32,4,0,34,16,9,22,35,5,210,60:00,15,15,0,0,0,0,0,17,20,0.85,NA,1,15,9,24,47,30,3,0,30,17,5,13,35,6,240,60:00,16,16,0,0,0,0,0,18,24,0.75,NA
2020-02-23,High Point Panthers,Cornell Calvert Hall,Away,FALSE,11,21,NA,1,11,7,18,40,21,5,0,21,19,8,11,35,6,240,60:00,21,12,0,0,0,0,0,23,30,0.767,NA,1,21,15,36,43,33,4,0,46,19,9,24,35,10,570,60:00,11,10,0,0,0,0,0,21,24,0.875,NA
2020-02-25,High Point Panthers,Virginia,Away,FALSE,15,18,NA,1,15,10,25,36,26,2,0,24,19,6,10,35,3,120,60:00,18,15,0,0,0,0,0,12,16,0.75,NA,1,18,13,31,57,33,1,0,45,20,4,25,35,5,330,60:00,15,11,0,0,0,0,0,19,19,1,NA
2020-02-29,High Point Panthers,Robert Morris,Away,FALSE,11,15,NA,1,11,7,18,41,22,2,0,32,18,13,14,29,2,60,60:00,15,10,0,0,0,0,0,19,21,0.905,NA,1,15,10,25,40,25,1,0,42,19,12,15,29,2,120,60:00,11,11,0,0,0,0,0,18,22,0.818,NA
2020-03-02,High Point Panthers,St. Bonaventure,Home,FALSE,13,8,NA,1,13,10,23,42,28,1,1,42,17,9,17,24,5,240,60:00,8,9,0,0,0,0,0,21,21,1,NA,1,8,7,15,29,17,1,0,25,19,12,7,24,2,60,60:00,13,15,0,0,0,0,0,20,24,0.833,NA
2020-03-07,High Point Panthers,UMBC,Away,FALSE,13,19,NA,1,13,6,19,30,22,0,0,28,16,6,15,34,7,360,60:00,19,12,0,0,0,0,0,19,23,0.826,NA,1,19,7,26,47,31,3,0,29,12,8,19,34,2,120,60:00,13,9,0,0,0,0,0,19,20,0.95,NA
2020-02-08,Hobart Statesmen,Canisius,Home,FALSE,22,8,NA,1,22,6,28,53,38,3,0,31,14,7,18,33,6,240,60:00,8,16,0,0,0,0,0,18,24,0.75,NA,1,8,5,13,38,24,1,0,30,15,5,15,33,5,210,60:00,22,16,0,0,0,0,0,16,18,0.889,NA
2020-02-15,Hobart Statesmen,Siena,Home,FALSE,26,9,NA,1,26,15,41,68,43,3,0,49,13,11,23,38,6,300,60:00,9,11,0,0,0,0,0,18,20,0.9,NA,1,9,9,18,40,20,1,0,22,15,6,15,38,4,210,60:00,26,17,0,0,0,0,0,13,17,0.765,NA
2020-02-22,Hobart Statesmen,Colgate,Home,FALSE,21,13,NA,1,21,9,30,61,37,3,0,36,15,8,20,39,7,330,60:00,13,18,0,0,0,0,0,19,23,0.826,NA,1,13,9,22,45,31,4,0,31,17,5,19,39,6,300,60:00,21,16,0,0,0,0,0,20,22,0.909,NA
2020-02-28,Hobart Statesmen,Syracuse,Away,FALSE,13,21,NA,1,13,7,20,40,20,3,0,35,22,6,18,38,2,90,60:00,21,16,0,0,0,0,0,19,23,0.826,NA,1,21,9,30,48,37,1,1,39,13,13,20,38,4,240,60:00,13,7,0,0,0,0,0,14,16,0.875,NA
2020-03-07,Hobart Statesmen,Binghamton,Home,FALSE,16,9,NA,1,16,11,27,45,29,1,0,34,18,6,19,28,1,30,60:00,9,15,0,0,0,0,0,19,21,0.905,NA,1,9,3,12,34,24,1,0,31,18,2,9,28,2,60,60:00,16,13,0,0,0,0,0,18,21,0.857,NA
2020-02-08,Hofstra Pride,Wagner,Home,FALSE,21,11,NA,1,21,14,35,47,34,3,1,45,17,4,27,36,3,240,60:00,11,8,0,0,0,0,0,17,21,0.81,NA,1,11,5,16,30,19,1,0,24,16,3,9,36,3,180,60:00,21,13,0,0,0,0,0,13,17,0.765,NA
2020-02-15,Hofstra Pride,Michigan,Home,FALSE,12,9,NA,1,12,5,17,37,21,1,0,22,16,8,11,23,6,270,60:00,9,8,0,0,0,0,0,17,17,1,NA,1,9,3,12,33,17,0,0,23,16,4,12,23,6,240,60:00,12,9,0,0,0,0,0,16,23,0.696,NA
2020-02-22,Hofstra Pride,Villanova,Home,FALSE,8,10,NA,1,8,4,12,46,21,1,0,30,11,6,11,21,2,90,60:00,10,9,0,0,0,0,0,19,19,1,NA,1,10,7,17,41,19,1,0,29,15,4,10,21,1,30,60:00,8,13,0,0,0,0,0,19,23,0.826,NA
2020-02-25,Hofstra Pride,Stony Brook,Away,FALSE,11,14,NA,1,11,8,19,50,27,3,0,27,14,4,12,28,8,360,60:00,14,15,0,0,0,0,0,19,20,0.95,NA,1,14,7,21,41,29,2,1,29,16,6,16,28,8,360,60:00,11,16,0,0,0,0,0,19,26,0.731,NA
2020-02-29,Hofstra Pride,LIU,Home,FALSE,14,6,NA,1,14,7,21,43,23,0,0,49,16,9,21,24,5,270,60:00,6,4,0,0,0,0,0,26,26,1,NA,1,6,3,9,24,10,2,0,19,22,8,3,24,3,150,60:00,14,9,0,0,0,0,0,19,22,0.864,NA
2020-03-07,Hofstra Pride,Ohio St.,Away,FALSE,10,12,NA,1,10,4,14,46,29,0,0,23,12,5,13,26,1,60,60:00,12,9,0,0,0,0,0,18,22,0.818,NA,1,12,8,20,40,21,0,0,30,15,2,13,26,0,0,60:00,10,19,0,0,0,0,0,18,20,0.9,NA
2020-03-10,Hofstra Pride,St. John's (NY),Away,FALSE,19,9,NA,1,19,13,32,46,32,1,0,33,14,5,22,32,1,30,60:00,9,14,0,0,0,0,0,14,16,0.875,NA,1,9,4,13,34,23,1,0,24,14,6,10,32,2,90,60:00,19,13,0,0,0,0,0,14,15,0.933,NA
2020-02-01,Holy Cross Crusaders,Merrimack,Away,FALSE,13,12,NA,1,13,8,21,40,24,2,0,35,15,10,18,28,2,120,60:00,12,6,0,0,0,0,0,18,19,0.947,NA,1,12,11,23,32,18,2,0,21,19,6,10,28,3,150,60:00,13,11,0,0,0,0,0,20,22,0.909,NA
2020-02-08,Holy Cross Crusaders,Providence,Away,FALSE,4,6,NA,1,4,2,6,36,17,0,0,28,17,11,9,13,3,90,60:00,6,12,0,0,0,0,0,20,22,0.909,NA,1,6,5,11,36,18,2,0,28,16,6,4,13,4,210,60:00,4,13,0,0,0,0,0,21,24,0.875,NA
2020-02-15,Holy Cross Crusaders,Vermont,Home,FALSE,10,9,NA,1,10,7,17,40,22,0,0,31,15,12,14,23,1,60,60:00,9,11,0,0,0,0,0,16,21,0.762,NA,1,9,5,14,33,20,0,0,24,16,7,9,23,1,30,60:00,10,12,0,0,0,0,0,17,18,0.944,NA
2020-02-18,Holy Cross Crusaders,UMass Lowell,Home,FALSE,13,12,1,1,13,4,17,43,20,1,0,33,21,9,17,27,5,240,64:00,12,7,0,0,0,0,0,18,22,0.818,1,1,12,8,20,34,19,3,0,29,23,12,10,27,6,240,64:00,13,7,0,0,0,0,0,21,28,0.75,NA
2020-02-25,Holy Cross Crusaders,Harvard,Home,FALSE,9,8,NA,1,9,4,13,48,28,0,0,27,13,8,15,20,3,90,60:00,8,7,0,0,0,0,0,15,15,1,NA,1,8,5,13,28,15,0,0,16,14,9,5,20,7,270,60:00,9,19,0,0,0,0,0,17,19,0.895,NA
2020-02-29,Holy Cross Crusaders,Army West Point,Away,FALSE,5,12,NA,1,5,3,8,28,14,1,0,30,29,14,10,18,3,180,60:00,12,13,0,0,0,0,0,13,24,0.542,NA,1,12,8,20,39,25,1,0,40,23,12,8,18,3,180,60:00,5,9,0,0,0,0,0,16,25,0.64,NA
2020-03-07,Holy Cross Crusaders,Lehigh,Away,FALSE,10,15,NA,1,10,5,15,31,17,0,0,35,20,9,17,29,2,60,60:00,15,12,0,0,0,0,0,17,18,0.944,NA,1,15,12,27,34,27,1,0,38,17,12,12,29,1,30,60:00,10,7,0,0,0,0,0,17,24,0.708,NA
2020-02-01,Jacksonville Dolphins,Detroit Mercy,Home,FALSE,14,15,NA,1,14,10,24,34,21,1,0,34,16,11,15,33,5,180,60:00,15,13,0,0,0,0,0,23,24,0.958,NA,1,15,4,19,40,28,3,0,29,14,4,18,33,4,210,60:00,14,7,0,0,0,0,0,15,19,0.789,NA
2020-02-15,Jacksonville Dolphins,Marquette,Away,FALSE,11,9,NA,1,11,6,17,38,22,0,0,32,18,13,12,24,6,210,60:00,9,6,0,0,0,0,0,19,21,0.905,NA,1,9,6,15,30,15,2,0,31,24,7,12,24,3,180,60:00,11,11,0,0,0,0,0,16,24,0.667,NA
2020-02-23,Jacksonville Dolphins,"Robert Morris Sparks, Md.",Away,FALSE,15,8,NA,1,15,6,21,41,30,1,0,42,19,10,15,27,6,210,60:00,8,14,0,0,0,0,0,24,26,0.923,NA,1,8,2,10,49,22,0,0,35,20,12,12,27,4,180,60:00,15,15,0,0,0,0,0,18,25,0.72,NA
2020-02-29,Jacksonville Dolphins,Utah,Home,FALSE,11,15,NA,1,11,5,16,53,26,0,0,30,7,9,10,29,3,120,60:00,15,12,0,0,0,0,0,19,19,1,NA,1,15,9,24,37,27,2,0,37,15,2,19,29,2,60,60:00,11,15,0,0,0,0,0,16,19,0.842,NA
2020-03-06,Jacksonville Dolphins,Hampton,Home,FALSE,18,1,NA,1,18,12,30,58,29,0,0,38,23,17,12,22,2,90,60:00,1,8,0,0,0,0,0,25,28,0.893,NA,1,1,1,2,21,9,0,0,23,28,7,10,22,0,0,60:00,18,11,0,0,0,0,0,16,27,0.593,NA
2020-03-10,Jacksonville Dolphins,Duke,Away,FALSE,8,18,NA,1,8,6,14,29,21,0,1,16,14,0,8,29,3,120,60:00,18,5,0,0,0,0,0,19,20,0.95,NA,1,18,9,27,41,23,0,0,39,20,6,21,29,2,90,60:00,8,13,0,0,0,0,0,20,22,0.909,NA
2020-02-08,Johns Hopkins Blue Jays,Towson,Home,FALSE,15,7,NA,1,15,8,23,46,30,1,0,42,15,5,20,26,4,150,60:00,7,12,0,0,0,0,0,19,23,0.826,NA,1,7,5,12,34,19,1,0,28,13,8,6,26,3,90,60:00,15,15,0,0,0,0,0,22,22,1,NA
2020-02-15,Johns Hopkins Blue Jays,Loyola Maryland,Away,FALSE,7,10,NA,1,7,3,10,37,22,0,0,22,15,4,8,20,3,150,60:00,10,11,0,0,0,0,0,13,17,0.765,NA,1,10,5,15,44,21,0,0,29,15,7,12,20,4,120,60:00,7,15,0,0,0,0,0,15,21,0.714,NA
2020-02-22,Johns Hopkins Blue Jays,North Carolina,Home,FALSE,10,17,NA,1,10,5,15,42,20,1,0,21,15,2,18,30,6,300,60:00,17,14,0,0,0,0,0,13,19,0.684,NA,1,17,13,30,48,31,5,0,29,11,3,12,30,3,150,60:00,10,10,0,0,0,0,0,16,17,0.941,NA
2020-02-29,Johns Hopkins Blue Jays,Princeton,Away,FALSE,11,18,NA,1,11,7,18,49,26,4,0,31,12,5,21,33,6,270,60:00,18,10,0,0,0,0,0,5,8,0.625,NA,1,18,11,29,44,28,2,0,34,11,9,12,33,5,240,60:00,11,15,0,0,0,0,0,12,13,0.923,NA
2020-03-07,Johns Hopkins Blue Jays,Syracuse,Home,FALSE,9,15,NA,1,9,6,15,40,25,1,0,26,14,5,10,28,5,330,60:00,15,14,0,0,0,0,0,15,18,0.833,NA,1,15,11,26,42,29,3,0,34,17,6,18,28,5,270,60:00,9,16,0,0,0,0,0,22,24,0.917,NA
2020-03-10,Johns Hopkins Blue Jays,Mount St. Mary's,Home,FALSE,13,12,1,1,13,7,20,41,27,1,0,33,21,5,20,28,5,270,62:16,12,9,0,0,0,0,0,21,24,0.875,1,1,12,8,20,33,21,3,0,33,18,8,8,28,3,120,62:16,13,14,0,0,0,0,0,20,23,0.87,NA
2020-02-08,LIU Sharks,Siena,Away,FALSE,12,14,NA,1,12,10,22,33,24,1,0,33,23,4,15,30,3,150,60:00,14,18,0,0,0,0,0,18,24,0.75,NA,1,14,5,19,49,32,1,0,34,17,14,15,30,6,270,60:00,12,12,0,0,0,0,0,22,26,0.846,NA
2020-02-15,LIU Sharks,Wagner,Home,FALSE,8,9,1,1,8,5,13,30,20,0,0,20,13,9,5,21,3,120,61:43,9,12,0,0,0,0,0,22,24,0.917,NA,1,9,2,11,45,21,0,0,28,17,6,16,21,1,60,61:43,8,12,0,0,0,0,0,18,20,0.9,1
2020-02-22,LIU Sharks,St. John's (NY),Home,FALSE,15,17,NA,1,15,10,25,42,27,2,0,15,11,5,14,35,7,330,60:00,17,15,0,0,0,0,0,19,21,0.905,NA,1,17,12,29,50,32,6,0,28,15,3,21,35,4,150,60:00,15,12,0,0,0,0,0,15,16,0.938,NA
2020-02-29,LIU Sharks,Hofstra,Away,FALSE,6,14,NA,1,6,3,9,24,10,2,0,19,22,8,3,24,3,150,60:00,14,9,0,0,0,0,0,19,22,0.864,NA,1,14,7,21,43,23,0,0,49,16,9,21,24,5,270,60:00,6,4,0,0,0,0,0,26,26,1,NA
2020-03-03,LIU Sharks,Fairfield,Away,FALSE,15,19,NA,1,15,11,26,37,28,1,0,30,19,2,13,36,5,150,60:00,19,19,0,0,0,0,0,15,22,0.682,NA,1,19,11,30,57,38,0,0,51,12,12,23,36,1,30,60:00,15,13,0,0,0,0,0,19,20,0.95,NA
2020-03-07,LIU Sharks,Quinnipiac,Home,FALSE,13,9,NA,1,13,7,20,39,19,3,0,25,18,8,8,24,6,300,60:00,9,16,0,0,0,0,0,20,21,0.952,NA,1,9,5,14,45,25,1,0,32,21,9,16,24,10,570,60:00,13,6,0,0,0,0,0,15,15,1,NA
2020-03-10,LIU Sharks,Massachusetts,Away,FALSE,10,14,NA,1,10,7,17,30,22,1,0,21,16,1,11,28,4,210,60:00,14,18,0,0,0,0,0,14,19,0.737,NA,1,14,11,25,47,32,2,0,32,10,10,17,28,4,150,60:00,10,12,0,0,0,0,0,13,15,0.867,NA
2020-02-01,Lafayette Leopards,Penn St.,Away,FALSE,9,16,NA,1,9,4,13,30,17,1,0,20,19,3,5,27,4,240,60:00,16,11,0,0,0,0,0,21,25,0.84,NA,1,16,9,25,36,27,4,0,33,17,5,22,27,4,180,60:00,9,8,0,0,0,0,0,17,19,0.895,NA
2020-02-08,Lafayette Leopards,Georgetown,Home,FALSE,3,17,NA,1,3,0,3,22,9,0,0,20,24,7,10,23,3,150,60:00,17,13,0,0,0,0,0,21,26,0.808,NA,1,17,11,28,52,30,2,0,42,12,13,13,23,1,30,60:00,3,6,0,0,0,0,0,26,26,1,NA
2020-02-15,Lafayette Leopards,North Carolina,Away,FALSE,8,24,NA,1,8,4,12,31,18,1,0,24,22,3,15,36,7,300,60:00,24,14,0,0,0,0,0,13,19,0.684,NA,1,24,19,43,58,38,4,0,51,17,10,21,36,4,210,60:00,8,10,0,0,0,0,0,17,20,0.85,NA
2020-02-22,Lafayette Leopards,Binghamton,Away,FALSE,10,11,3,1,10,5,15,29,19,1,0,39,23,8,11,24,6,300,72:00,11,12,0,0,0,0,0,25,27,0.926,NA,1,11,8,19,42,23,1,0,30,17,13,13,24,4,180,72:00,10,9,0,0,0,0,0,17,19,0.895,1
2020-02-29,Lafayette Leopards,Loyola Maryland,Home,FALSE,4,14,NA,1,4,2,6,15,11,0,0,26,23,6,5,20,4,210,60:00,14,11,0,0,0,0,0,16,25,0.64,NA,1,14,9,23,47,25,2,0,36,14,13,15,20,1,60,60:00,4,7,0,0,0,0,0,17,17,1,NA
2020-03-07,Lafayette Leopards,Army West Point,Home,FALSE,8,16,NA,1,8,3,11,37,16,0,0,32,22,7,18,28,3,180,60:00,16,11,0,0,0,0,0,18,22,0.818,NA,1,16,11,27,50,27,1,0,33,14,12,10,28,1,30,60:00,8,8,0,0,0,0,0,20,24,0.833,NA
2020-02-08,Lehigh Mountain Hawks,Utah,Home,FALSE,16,11,NA,1,16,10,26,48,29,5,0,52,19,10,19,30,4,180,60:00,11,12,0,0,0,0,0,17,19,0.895,NA,1,11,7,18,40,23,1,0,35,17,17,11,30,8,330,60:00,16,13,0,0,0,0,0,21,24,0.875,NA
2020-02-15,Lehigh Mountain Hawks,Virginia,Away,FALSE,8,12,NA,1,8,3,11,28,19,0,0,36,23,6,12,23,1,60,60:00,12,14,0,0,0,0,0,17,24,0.708,NA,1,12,8,20,48,26,1,0,45,14,18,11,23,2,120,60:00,8,11,0,0,0,0,0,17,20,0.85,NA
2020-02-20,Lehigh Mountain Hawks,VMI,Home,FALSE,14,11,NA,1,14,10,24,34,23,3,0,46,19,8,18,28,2,90,60:00,11,8,0,0,0,0,0,12,14,0.857,NA,1,11,6,17,26,19,1,1,35,14,12,10,28,6,240,60:00,14,9,0,0,0,0,0,13,15,0.867,NA
2020-02-22,Lehigh Mountain Hawks,NJIT,Away,FALSE,17,8,NA,1,17,9,26,53,38,1,0,37,12,8,24,29,4,360,60:00,8,8,0,0,0,0,0,19,20,0.95,NA,1,8,8,16,28,16,3,0,15,16,5,5,29,3,150,60:00,17,21,0,0,0,0,0,17,20,0.85,NA
2020-02-29,Lehigh Mountain Hawks,Navy,Home,FALSE,14,6,NA,1,14,9,23,44,24,1,0,45,23,11,19,24,4,180,60:00,6,12,0,0,0,0,0,17,22,0.773,NA,1,6,6,12,23,18,4,0,31,18,11,5,24,4,120,60:00,14,10,0,0,0,0,0,13,19,0.684,NA
2020-03-07,Lehigh Mountain Hawks,Holy Cross,Home,FALSE,15,10,NA,1,15,12,27,34,27,1,0,38,17,12,12,29,1,30,60:00,10,7,0,0,0,0,0,17,24,0.708,NA,1,10,5,15,31,17,0,0,35,20,9,17,29,2,60,60:00,15,12,0,0,0,0,0,17,18,0.944,NA
2020-02-08,Loyola Maryland Greyhounds,Virginia,Away,FALSE,9,12,NA,1,9,7,16,55,28,3,0,30,15,8,14,24,2,120,60:00,12,15,0,0,0,0,0,18,20,0.9,NA,1,12,9,21,44,27,0,0,44,14,8,10,24,8,420,60:00,9,19,0,0,0,0,0,19,24,0.792,NA
2020-02-15,Loyola Maryland Greyhounds,Johns Hopkins,Home,FALSE,10,7,NA,1,10,5,15,44,21,0,0,29,15,7,12,20,4,120,60:00,7,15,0,0,0,0,0,15,21,0.714,NA,1,7,3,10,37,22,0,0,22,15,4,8,20,3,150,60:00,10,11,0,0,0,0,0,13,17,0.765,NA
2020-02-22,Loyola Maryland Greyhounds,Rutgers,Home,FALSE,11,10,NA,1,11,5,16,48,27,0,0,39,15,6,23,25,2,90,60:00,10,10,0,0,0,0,0,16,16,1,NA,1,10,6,16,26,20,0,0,20,11,6,2,25,2,60,60:00,11,16,0,0,0,0,0,18,21,0.857,NA
2020-02-26,Loyola Maryland Greyhounds,Towson,Home,FALSE,15,6,NA,1,15,9,24,51,31,4,0,33,15,15,16,25,1,60,60:00,6,10,0,0,0,0,0,21,21,1,NA,1,6,5,11,25,16,1,0,27,19,5,9,25,4,270,60:00,15,16,0,0,0,0,0,16,22,0.727,NA
2020-02-29,Loyola Maryland Greyhounds,Lafayette,Away,FALSE,14,4,NA,1,14,9,23,47,25,2,0,36,14,13,15,20,1,60,60:00,4,7,0,0,0,0,0,17,17,1,NA,1,4,2,6,15,11,0,0,26,23,6,5,20,4,210,60:00,14,11,0,0,0,0,0,16,25,0.64,NA
2020-03-07,Loyola Maryland Greyhounds,Duke,Home,FALSE,10,13,NA,1,10,6,16,45,25,5,0,33,13,7,16,27,1,60,60:00,13,9,0,0,0,0,0,15,18,0.833,NA,1,13,8,21,35,22,0,0,27,12,8,11,27,6,210,60:00,10,15,0,0,0,0,0,16,18,0.889,NA
2020-02-07,Manhattan Jaspers,Navy,Away,FALSE,4,9,NA,1,4,2,6,27,18,0,0,25,16,5,6,17,2,60,60:00,9,9,0,0,0,0,0,14,19,0.737,NA,1,9,5,14,32,18,1,0,31,21,8,11,17,3,150,60:00,4,14,0,0,0,0,0,15,20,0.75,NA
2020-02-15,Manhattan Jaspers,VMI,Home,FALSE,10,8,NA,1,10,4,14,26,15,2,0,25,21,4,12,21,4,210,60:00,8,14,0,0,0,0,0,19,22,0.864,NA,1,8,3,11,39,22,0,0,27,13,10,9,21,1,60,60:00,10,5,0,0,0,0,0,15,18,0.833,NA
2020-02-22,Manhattan Jaspers,Wagner,Away,FALSE,16,5,NA,1,16,13,29,30,24,0,0,28,14,9,8,24,3,150,60:00,5,14,0,0,0,0,0,19,19,1,NA,1,5,2,7,32,19,1,0,26,16,6,16,24,2,120,60:00,16,8,0,0,0,0,0,16,18,0.889,NA
2020-02-29,Manhattan Jaspers,Bryant,Home,FALSE,5,16,NA,1,5,3,8,20,12,0,0,20,16,3,6,25,3,120,60:00,16,17,0,0,0,0,0,14,18,0.778,NA,1,16,10,26,55,33,2,0,33,13,5,19,25,2,120,60:00,5,7,0,0,0,0,0,13,14,0.929,NA
2020-03-03,Manhattan Jaspers,Hartford,Away,FALSE,8,11,NA,1,8,5,13,33,22,0,0,23,17,4,6,23,2,120,60:00,11,15,0,0,0,0,0,20,22,0.909,NA,1,11,8,19,48,26,0,0,27,16,7,17,23,3,120,60:00,8,14,0,0,0,0,0,16,19,0.842,NA
2020-03-07,Manhattan Jaspers,NJIT,Away,FALSE,8,7,NA,1,8,5,13,29,13,0,0,22,16,9,7,18,2,90,60:00,7,14,0,0,0,0,0,21,24,0.875,NA,1,7,4,11,29,21,0,0,28,18,4,11,18,0,0,60:00,8,5,0,0,0,0,0,26,27,0.963,NA
2020-02-08,Marist Red Foxes,Binghamton,Home,FALSE,12,4,NA,1,12,7,19,42,29,2,0,24,14,13,15,18,5,240,60:00,4,8,0,0,0,0,0,17,18,0.944,NA,1,4,1,5,28,12,0,0,20,22,6,3,18,4,330,60:00,12,17,0,0,0,0,0,22,27,0.815,NA
2020-02-14,Marist Red Foxes,Richmond,Away,FALSE,11,13,NA,1,11,5,16,36,24,1,0,31,16,10,15,28,3,150,60:00,13,8,0,0,0,0,0,17,20,0.85,NA,1,13,10,23,35,21,2,0,25,14,9,13,28,2,60,60:00,11,13,0,0,0,0,0,18,19,0.947,NA
2020-02-18,Marist Red Foxes,Army West Point,Home,FALSE,17,9,NA,1,17,12,29,38,27,2,0,36,19,7,17,28,5,210,60:00,9,16,0,0,0,0,0,20,26,0.769,NA,1,9,7,16,45,25,1,0,38,16,9,11,28,7,330,60:00,17,10,0,0,0,0,0,23,25,0.92,NA
2020-02-25,Marist Red Foxes,Hartford,Home,FALSE,14,6,NA,1,14,6,20,52,30,4,0,30,11,10,15,24,6,270,60:00,6,12,0,0,0,0,0,17,19,0.895,NA,1,6,2,8,33,18,0,0,25,19,6,9,24,5,150,60:00,14,16,0,0,0,0,0,17,20,0.85,NA
2020-02-29,Marist Red Foxes,Bucknell,Away,FALSE,11,20,NA,1,11,9,20,35,20,4,0,33,24,11,18,34,2,90,60:00,20,13,0,0,0,0,0,10,19,0.526,NA,1,20,13,33,56,33,0,0,41,16,18,16,34,6,300,60:00,11,9,0,0,0,0,0,20,23,0.87,NA
2020-03-07,Marist Red Foxes,Delaware,Home,FALSE,14,15,NA,1,14,10,24,41,28,3,0,43,12,6,22,32,5,240,60:00,15,10,0,0,0,0,0,17,19,0.895,NA,1,15,9,24,43,25,2,1,30,13,4,10,32,3,150,60:00,14,14,0,0,0,0,0,19,22,0.864,NA
2020-02-01,Marquette Golden Eagles,Cleveland St.,Away,FALSE,11,10,1,1,11,4,15,37,18,0,0,32,17,12,9,23,4,210,60:25,10,10,0,0,0,0,0,20,26,0.769,1,1,10,6,16,38,20,1,0,29,21,6,14,23,1,30,60:25,11,7,0,0,0,0,0,19,21,0.905,NA
2020-02-08,Marquette Golden Eagles,Bellarmine,Home,FALSE,11,10,NA,1,11,7,18,33,20,1,0,40,20,11,12,23,5,270,60:00,10,5,0,0,0,0,0,16,21,0.762,NA,1,10,6,16,32,15,2,0,28,21,7,11,23,3,180,60:00,11,9,0,0,0,0,0,14,16,0.875,NA
2020-02-15,Marquette Golden Eagles,Jacksonville,Home,FALSE,9,11,NA,1,9,6,15,30,15,2,0,31,24,7,12,24,3,180,60:00,11,11,0,0,0,0,0,16,24,0.667,NA,1,11,6,17,38,22,0,0,32,18,13,12,24,6,210,60:00,9,6,0,0,0,0,0,19,21,0.905,NA
2020-02-22,Marquette Golden Eagles,Detroit Mercy,Away,FALSE,18,6,NA,1,18,5,23,47,27,2,0,29,14,12,12,26,6,240,60:00,6,6,0,0,0,0,0,21,22,0.955,NA,1,6,2,8,30,12,1,0,28,23,4,14,26,5,270,60:00,18,9,0,0,0,0,0,14,17,0.824,NA
2020-02-29,Marquette Golden Eagles,Drexel,Away,FALSE,11,13,NA,1,11,6,17,40,17,1,0,38,20,6,17,27,4,240,60:00,13,10,0,0,0,0,0,14,16,0.875,NA,1,13,6,19,36,23,0,0,24,18,4,10,27,5,180,60:00,11,6,0,0,0,0,0,18,20,0.9,NA
2020-03-07,Marquette Golden Eagles,Robert Morris,Home,FALSE,10,11,NA,1,10,5,15,32,17,0,0,23,12,7,9,25,1,60,60:00,11,13,0,0,0,0,0,18,20,0.9,NA,1,11,7,18,42,24,0,0,33,14,9,16,25,2,90,60:00,10,7,0,0,0,0,0,15,17,0.882,NA
2020-03-11,Marquette Golden Eagles,Michigan,Away,FALSE,12,13,NA,1,12,5,17,36,25,0,0,30,7,7,7,29,4,150,60:00,13,11,0,0,0,0,0,15,18,0.833,NA,1,13,7,20,39,24,1,0,39,15,3,22,29,2,90,60:00,12,13,0,0,0,0,0,15,16,0.938,NA
2020-02-01,"Maryland Terrapins, Terps",High Point,Home,FALSE,23,12,NA,1,23,15,38,70,44,1,0,36,11,7,19,37,5,210,60:00,12,15,0,0,0,0,0,25,25,1,NA,1,12,8,20,45,27,0,0,26,15,2,18,37,3,150,60:00,23,21,0,0,0,0,0,23,26,0.885,NA
2020-02-08,"Maryland Terrapins, Terps",Richmond,Away,FALSE,14,13,2,1,14,10,24,40,25,1,0,28,23,10,14,31,3,150,65:48,13,10,0,0,0,0,0,30,35,0.857,1,1,13,9,22,38,23,1,0,40,25,15,17,31,2,90,65:48,14,11,0,0,0,0,0,25,29,0.862,NA
2020-02-15,"Maryland Terrapins, Terps",Penn,Home,FALSE,17,15,NA,1,17,9,26,40,26,3,0,34,16,4,17,35,4,150,60:00,15,19,0,0,0,0,0,22,24,0.917,NA,1,15,10,25,48,34,0,0,32,13,7,18,35,3,120,60:00,17,9,0,0,0,0,0,19,19,1,NA
2020-02-18,"Maryland Terrapins, Terps",Villanova,Away,FALSE,12,13,NA,1,12,9,21,38,26,1,0,31,21,7,17,29,3,90,60:00,13,12,0,0,0,0,0,13,18,0.722,NA,1,13,8,21,45,25,1,0,27,13,11,12,29,4,210,60:00,12,14,0,0,0,0,0,17,18,0.944,NA
2020-02-29,"Maryland Terrapins, Terps",Notre Dame,Home,FALSE,14,9,NA,1,14,6,20,64,30,0,0,38,17,8,18,26,1,30,60:00,9,10,0,0,0,0,0,21,21,1,NA,1,9,5,14,31,19,0,0,23,16,4,8,26,0,0,60:00,14,16,0,0,0,0,0,18,23,0.783,NA
2020-03-07,"Maryland Terrapins, Terps",UAlbany,Home,FALSE,14,13,NA,1,14,11,25,50,27,1,0,34,17,4,23,30,6,180,60:00,13,11,0,0,0,0,0,15,19,0.789,NA,1,13,11,24,38,24,1,0,27,9,7,7,30,3,120,60:00,14,13,0,0,0,0,0,16,17,0.941,NA
2020-02-08,Massachusetts Minutemen,Army West Point,Away,FALSE,4,17,NA,1,4,2,6,26,17,0,0,30,23,4,13,25,6,360,60:00,17,11,0,0,0,0,0,16,20,0.8,NA,1,17,9,26,45,28,3,0,33,14,15,12,25,6,300,60:00,4,13,0,0,0,0,0,21,25,0.84,NA
2020-02-15,Massachusetts Minutemen,Ohio St.,Away,FALSE,9,7,NA,1,9,3,12,31,21,1,0,27,16,8,8,17,6,270,60:00,7,16,0,0,0,0,0,19,23,0.826,NA,1,7,4,11,35,23,2,0,28,14,8,9,17,4,240,60:00,9,12,0,0,0,0,0,19,20,0.95,NA
2020-02-22,Massachusetts Minutemen,Harvard,Home,FALSE,9,10,NA,1,9,7,16,42,26,0,0,26,15,11,16,22,4,180,60:00,10,6,0,0,0,0,0,13,14,0.929,NA,1,10,7,17,29,16,1,0,19,18,7,6,22,2,60,60:00,9,17,0,0,0,0,0,17,25,0.68,NA
2020-02-25,Massachusetts Minutemen,UMass Lowell,Away,FALSE,11,9,NA,1,11,8,19,41,25,1,0,27,19,9,14,24,3,90,60:00,9,12,0,0,0,0,0,22,26,0.846,NA,1,9,8,17,38,21,0,0,29,19,4,10,24,5,210,60:00,11,14,0,0,0,0,0,18,22,0.818,NA
2020-02-29,Massachusetts Minutemen,Yale,Home,FALSE,13,10,NA,1,13,6,19,36,21,0,0,25,14,13,6,26,3,150,60:00,10,12,0,0,0,0,0,15,21,0.714,NA,1,10,8,18,38,22,0,0,32,25,6,20,26,3,150,60:00,13,8,0,0,0,0,0,9,14,0.643,NA
2020-03-03,Massachusetts Minutemen,UAlbany,Home,FALSE,17,12,NA,1,17,14,31,48,30,3,0,40,17,13,26,33,7,330,60:00,12,13,0,0,0,0,0,12,13,0.923,NA,1,12,10,22,33,25,0,0,25,17,7,7,33,6,300,60:00,17,13,0,0,0,0,0,19,25,0.76,NA
2020-03-10,Massachusetts Minutemen,LIU,Home,FALSE,14,10,NA,1,14,11,25,47,32,2,0,32,10,10,17,28,4,150,60:00,10,12,0,0,0,0,0,13,15,0.867,NA,1,10,7,17,30,22,1,0,21,16,1,11,28,4,210,60:00,14,18,0,0,0,0,0,14,19,0.737,NA
2020-02-01,Mercer Bears,Florida Tech,Home,FALSE,18,6,NA,1,18,12,30,68,38,2,0,45,16,14,20,26,2,90,60:00,6,7,0,0,0,0,0,20,22,0.909,NA,1,6,1,7,20,13,0,0,23,26,6,6,26,6,210,60:00,18,20,0,0,0,0,0,24,28,0.857,NA
2020-02-08,Mercer Bears,North Carolina,Away,FALSE,6,14,NA,1,6,4,10,37,11,0,0,23,17,4,13,24,2,60,60:00,14,8,0,0,0,0,0,13,16,0.812,NA,1,14,9,23,41,22,2,0,27,10,7,11,24,2,60,60:00,6,5,0,0,0,0,0,18,20,0.9,NA
2020-02-22,Mercer Bears,Hampton,Home,FALSE,28,6,NA,1,28,15,43,58,41,3,0,40,6,5,26,37,6,270,60:00,6,9,0,0,0,0,0,16,18,0.889,NA,1,6,3,9,28,15,0,0,18,16,2,11,37,4,150,60:00,28,13,0,0,0,0,0,10,11,0.909,NA
2020-02-29,Mercer Bears,Wagner,Home,FALSE,20,8,NA,1,20,13,33,41,30,0,0,32,11,4,26,31,5,180,60:00,8,6,0,0,0,0,0,10,10,1,NA,1,8,1,9,30,14,1,0,6,9,0,5,31,1,30,60:00,20,10,0,0,0,0,0,9,9,1,NA
2020-03-04,Mercer Bears,St. Bonaventure,Home,FALSE,17,8,NA,1,17,11,28,41,23,3,0,32,15,5,24,30,1,30,60:00,8,7,0,0,0,0,0,7,7,1,NA,1,8,1,9,29,15,0,0,7,11,5,6,30,3,270,60:00,17,6,0,0,0,0,0,4,4,1,NA
2020-03-07,Mercer Bears,Monmouth,Away,FALSE,10,7,NA,1,10,6,16,31,18,1,0,30,16,10,13,21,4,120,60:00,7,15,0,0,0,0,0,15,18,0.833,NA,1,7,5,12,44,22,1,0,26,13,5,8,21,2,90,60:00,10,8,0,0,0,0,0,16,19,0.842,NA
2020-03-09,Mercer Bears,"Cleveland St. Towson, Md.",Away,FALSE,16,13,NA,1,16,9,25,36,21,0,0,22,19,5,14,30,5,240,60:00,13,8,0,0,0,0,0,17,20,0.85,NA,1,13,8,21,42,21,1,0,25,15,6,16,30,2,90,60:00,16,5,0,0,0,0,0,14,18,0.778,NA
2020-02-01,Merrimack Warriors,Holy Cross,Home,FALSE,12,13,NA,1,12,11,23,32,18,2,0,21,19,6,10,28,3,150,60:00,13,11,0,0,0,0,0,20,22,0.909,NA,1,13,8,21,40,24,2,0,35,15,10,18,28,2,120,60:00,12,6,0,0,0,0,0,18,19,0.947,NA
2020-02-15,Merrimack Warriors,Dartmouth,Home,FALSE,11,13,NA,1,11,7,18,40,25,4,0,29,14,10,14,27,3,90,60:00,13,9,0,0,0,0,0,12,17,0.706,NA,1,13,7,20,36,22,1,0,35,17,9,13,27,4,300,60:00,11,14,0,0,0,0,0,19,23,0.826,NA
2020-02-18,Merrimack Warriors,Fairfield,Away,FALSE,11,14,NA,1,11,6,17,38,19,0,0,28,21,8,13,28,5,240,60:00,14,8,0,0,0,0,0,18,22,0.818,NA,1,14,11,25,41,22,2,0,35,21,7,15,28,6,270,60:00,11,8,0,0,0,0,0,14,20,0.7,NA
2020-02-22,Merrimack Warriors,Michigan,Away,FALSE,14,12,NA,1,14,7,21,38,28,3,0,31,17,6,18,29,6,270,60:00,12,10,0,0,0,0,0,16,21,0.762,NA,1,12,5,17,40,22,4,0,27,12,10,11,29,6,270,60:00,14,14,0,0,0,0,0,16,17,0.941,NA
2020-02-29,Merrimack Warriors,Vermont,Away,FALSE,8,9,NA,1,8,4,12,36,22,0,0,21,15,6,10,20,4,180,60:00,9,11,0,0,0,0,0,17,21,0.81,NA,1,9,5,14,28,20,1,0,25,12,9,10,20,8,390,60:00,8,14,0,0,0,0,0,23,26,0.885,NA
2020-03-07,Merrimack Warriors,UMass Lowell,Home,FALSE,6,8,NA,1,6,3,9,40,23,0,0,29,18,8,11,18,4,240,60:00,8,15,0,0,0,0,0,17,20,0.85,NA,1,8,4,12,42,23,1,0,32,19,9,7,18,5,240,60:00,6,17,0,0,0,0,0,16,22,0.727,NA
2020-02-08,Michigan Wolverines,Cleveland St.,Home,FALSE,16,9,NA,1,16,11,27,48,26,4,0,43,17,10,18,28,2,90,60:00,9,12,0,0,0,0,0,19,26,0.731,NA,1,9,6,15,39,21,0,0,30,17,5,10,28,3,210,60:00,16,10,0,0,0,0,0,16,22,0.727,NA
2020-02-15,Michigan Wolverines,Hofstra,Away,FALSE,9,12,NA,1,9,3,12,33,17,0,0,23,16,4,12,23,6,240,60:00,12,9,0,0,0,0,0,16,23,0.696,NA,1,12,5,17,37,21,1,0,22,16,8,11,23,6,270,60:00,9,8,0,0,0,0,0,17,17,1,NA
2020-02-18,Michigan Wolverines,Canisius,Home,FALSE,16,8,NA,1,16,7,23,52,32,2,0,50,11,7,19,27,3,120,60:00,8,10,0,0,0,0,0,15,17,0.882,NA,1,8,3,11,29,18,1,0,27,16,2,8,27,3,150,60:00,16,16,0,0,0,0,0,18,22,0.818,NA
2020-02-22,Michigan Wolverines,Merrimack,Home,FALSE,12,14,NA,1,12,5,17,40,22,4,0,27,12,10,11,29,6,270,60:00,14,14,0,0,0,0,0,16,17,0.941,NA,1,14,7,21,38,28,3,0,31,17,6,18,29,6,270,60:00,12,10,0,0,0,0,0,16,21,0.762,NA
2020-02-29,Michigan Wolverines,St. John's (NY),Home,FALSE,16,11,NA,1,16,6,22,46,27,1,0,30,17,10,14,31,2,90,60:00,11,10,0,0,0,0,0,18,19,0.947,NA,1,11,8,19,34,21,1,0,35,20,4,17,31,2,90,60:00,16,11,0,0,0,0,0,18,22,0.818,NA
2020-03-07,Michigan Wolverines,"Yale Costa Mesa, Calif.",Away,FALSE,11,17,NA,1,11,8,19,47,21,3,0,18,8,12,3,30,4,120,60:00,17,14,0,0,0,0,0,18,20,0.9,NA,1,17,11,28,43,31,2,0,33,15,3,27,30,4,120,60:00,11,10,0,0,0,0,0,10,15,0.667,NA
2020-03-11,Michigan Wolverines,Marquette,Home,FALSE,13,12,NA,1,13,7,20,39,24,1,0,39,15,3,22,29,2,90,60:00,12,13,0,0,0,0,0,15,16,0.938,NA,1,12,5,17,36,25,0,0,30,7,7,7,29,4,150,60:00,13,11,0,0,0,0,0,15,18,0.833,NA
2020-02-08,Monmouth Hawks,NJIT,Home,FALSE,11,8,NA,1,11,6,17,39,19,1,0,34,23,13,12,22,5,240,60:00,8,12,0,0,0,0,0,22,29,0.759,NA,1,8,4,12,35,20,1,0,27,21,10,10,22,4,150,60:00,11,8,0,0,0,0,0,20,23,0.87,NA
2020-02-15,Monmouth Hawks,Princeton,Away,FALSE,9,20,NA,1,9,5,14,33,18,1,0,32,19,9,12,33,4,150,60:00,20,11,0,0,0,0,0,16,20,0.8,NA,1,20,11,31,47,31,1,0,43,19,14,21,33,2,90,60:00,9,9,0,0,0,0,0,10,11,0.909,NA
2020-02-22,Monmouth Hawks,Delaware,Home,FALSE,2,11,NA,1,2,1,3,23,14,0,0,26,20,5,8,15,5,270,60:00,11,15,0,0,0,0,0,20,23,0.87,NA,1,11,8,19,42,26,2,0,33,16,10,7,15,3,180,60:00,2,12,0,0,0,0,0,21,23,0.913,NA
2020-02-25,Monmouth Hawks,Wagner,Away,FALSE,9,5,NA,1,9,7,16,35,18,1,0,32,17,7,14,18,1,60,60:00,5,5,0,0,0,0,0,14,17,0.824,NA,1,5,1,6,27,10,0,0,19,18,5,4,18,4,180,60:00,9,9,0,0,0,0,0,18,21,0.857,NA
2020-02-29,Monmouth Hawks,Saint Joseph's,Home,FALSE,3,10,NA,1,3,0,3,29,15,0,0,27,16,12,2,16,5,240,60:00,10,13,0,0,0,0,0,26,27,0.963,NA,1,10,7,17,35,23,0,0,43,18,11,14,16,2,90,60:00,3,12,0,0,0,0,0,22,26,0.846,NA
2020-03-07,Monmouth Hawks,Mercer,Home,FALSE,7,10,NA,1,7,5,12,44,22,1,0,26,13,5,8,21,2,90,60:00,10,8,0,0,0,0,0,16,19,0.842,NA,1,10,6,16,31,18,1,0,30,16,10,13,21,4,120,60:00,7,15,0,0,0,0,0,15,18,0.833,NA
2020-02-08,Mount St. Mary's Mountaineers,Delaware,Away,FALSE,8,14,NA,1,8,4,12,48,27,4,0,38,14,9,16,26,5,300,60:00,14,12,0,0,0,0,0,10,12,0.833,NA,1,14,9,23,40,26,1,3,34,16,10,10,26,8,540,60:00,8,19,0,0,0,0,0,17,20,0.85,NA
2020-02-15,Mount St. Mary's Mountaineers,Towson,Away,FALSE,11,10,NA,1,11,3,14,37,15,3,0,20,15,3,14,24,2,90,60:00,10,12,0,0,0,0,0,11,12,0.917,NA,1,10,3,13,37,22,0,0,14,12,2,10,24,4,180,60:00,11,4,0,0,0,0,0,15,18,0.833,NA
2020-02-22,Mount St. Mary's Mountaineers,UMBC,Home,FALSE,4,9,NA,1,4,3,7,33,20,0,0,25,13,6,8,15,6,240,60:00,9,9,0,0,0,0,0,20,22,0.909,NA,1,9,2,11,37,18,0,0,26,15,8,7,15,2,60,60:00,4,16,0,0,0,0,0,23,24,0.958,NA
2020-02-25,Mount St. Mary's Mountaineers,Georgetown,Away,FALSE,7,14,NA,1,7,3,10,35,16,0,0,24,17,9,7,24,2,90,60:00,14,13,0,0,0,0,0,21,23,0.913,NA,1,14,8,22,49,27,2,1,40,18,8,17,24,3,180,60:00,7,9,0,0,0,0,0,22,24,0.917,NA
2020-02-29,Mount St. Mary's Mountaineers,VMI,Home,FALSE,10,9,NA,1,10,7,17,49,27,1,0,35,15,13,11,23,2,90,60:00,9,3,0,0,0,0,0,17,20,0.85,NA,1,9,3,12,27,12,0,0,22,22,5,12,23,6,270,60:00,10,17,0,0,0,0,0,18,22,0.818,NA
2020-03-03,Mount St. Mary's Mountaineers,Richmond,Home,FALSE,7,14,NA,1,7,5,12,25,17,0,0,30,23,8,12,23,4,210,60:00,14,15,0,0,0,0,0,17,23,0.739,NA,1,14,8,22,51,29,4,0,29,14,7,11,23,3,150,60:00,7,10,0,0,0,0,0,23,25,0.92,NA
2020-03-07,Mount St. Mary's Mountaineers,Utah,Home,FALSE,11,10,1,1,11,4,15,51,29,1,0,38,18,8,21,25,4,180,62:53,10,9,0,0,0,0,0,16,18,0.889,1,1,10,4,14,25,19,1,0,28,19,7,4,25,2,60,62:53,11,18,0,0,0,0,0,23,26,0.885,NA
2020-03-10,Mount St. Mary's Mountaineers,Johns Hopkins,Away,FALSE,12,13,1,1,12,8,20,33,21,3,0,33,18,8,8,28,3,120,62:16,13,14,0,0,0,0,0,20,23,0.87,NA,1,13,7,20,41,27,1,0,33,21,5,20,28,5,270,62:16,12,9,0,0,0,0,0,21,24,0.875,1
2020-02-01,NJIT Highlanders,Hampton,Home,FALSE,24,7,NA,1,24,15,39,47,36,2,0,33,18,10,20,33,3,150,60:00,7,8,0,0,0,0,0,20,23,0.87,NA,1,7,3,10,21,15,0,0,23,25,9,13,33,4,180,60:00,24,12,0,0,0,0,0,16,25,0.64,NA
2020-02-08,NJIT Highlanders,Monmouth,Away,FALSE,8,11,NA,1,8,4,12,35,20,1,0,27,21,10,10,22,4,150,60:00,11,8,0,0,0,0,0,20,23,0.87,NA,1,11,6,17,39,19,1,0,34,23,13,12,22,5,240,60:00,8,12,0,0,0,0,0,22,29,0.759,NA
2020-02-10,NJIT Highlanders,Army West Point,Away,FALSE,1,19,NA,1,1,0,1,18,10,0,0,37,27,7,10,24,2,90,60:00,19,10,0,0,0,0,0,14,21,0.667,NA,1,19,14,33,42,29,0,0,40,16,9,14,24,1,30,60:00,1,9,0,0,0,0,0,22,23,0.957,NA
2020-02-15,NJIT Highlanders,Delaware,Away,FALSE,1,13,NA,1,1,1,2,22,15,0,0,26,23,10,7,18,2,120,60:00,13,19,0,0,0,0,0,20,24,0.833,NA,1,13,7,20,55,32,0,0,34,14,18,11,18,3,90,60:00,1,14,0,0,0,0,0,26,29,0.897,NA
2020-02-22,NJIT Highlanders,Lehigh,Home,FALSE,8,17,NA,1,8,8,16,28,16,3,0,15,16,5,5,29,3,150,60:00,17,21,0,0,0,0,0,17,20,0.85,NA,1,17,9,26,53,38,1,0,37,12,8,24,29,4,360,60:00,8,8,0,0,0,0,0,19,20,0.95,NA
2020-02-29,NJIT Highlanders,Siena,Home,FALSE,5,12,NA,1,5,0,5,34,16,0,0,22,22,10,9,20,3,180,60:00,12,14,0,0,0,0,0,22,24,0.917,NA,1,12,5,17,45,26,2,0,32,14,14,11,20,4,150,60:00,5,11,0,0,0,0,0,23,29,0.793,NA
2020-03-07,NJIT Highlanders,Manhattan,Home,FALSE,7,8,NA,1,7,4,11,29,21,0,0,28,18,4,11,18,0,0,60:00,8,5,0,0,0,0,0,26,27,0.963,NA,1,8,5,13,29,13,0,0,22,16,9,7,18,2,90,60:00,7,14,0,0,0,0,0,21,24,0.875,NA
2020-02-07,Navy Midshipmen,Manhattan,Home,FALSE,9,4,NA,1,9,5,14,32,18,1,0,31,21,8,11,17,3,150,60:00,4,14,0,0,0,0,0,15,20,0.75,NA,1,4,2,6,27,18,0,0,25,16,5,6,17,2,60,60:00,9,9,0,0,0,0,0,14,19,0.737,NA
2020-02-15,Navy Midshipmen,Furman,Home,FALSE,19,3,NA,1,19,12,31,49,30,1,0,49,19,6,22,26,2,90,60:00,3,4,0,0,0,0,0,12,14,0.857,NA,1,3,1,4,16,7,0,0,12,19,6,4,26,3,120,60:00,19,11,0,0,0,0,0,14,20,0.7,NA
2020-02-18,Navy Midshipmen,Richmond,Away,FALSE,9,12,NA,1,9,6,15,35,23,1,0,34,17,13,15,25,3,180,60:00,12,8,0,0,0,0,0,19,23,0.826,NA,1,12,9,21,31,20,1,0,27,19,10,10,25,4,210,60:00,9,14,0,0,0,0,0,18,22,0.818,NA
2020-02-29,Navy Midshipmen,Lehigh,Away,FALSE,6,14,NA,1,6,6,12,23,18,4,0,31,18,11,5,24,4,120,60:00,14,10,0,0,0,0,0,13,19,0.684,NA,1,14,9,23,44,24,1,0,45,23,11,19,24,4,180,60:00,6,12,0,0,0,0,0,17,22,0.773,NA
2020-03-07,Navy Midshipmen,Colgate,Home,FALSE,16,14,NA,1,16,12,28,43,26,3,0,41,10,7,11,34,4,210,60:00,14,15,0,0,0,0,0,19,22,0.864,NA,1,14,11,25,57,29,1,0,37,11,5,23,34,5,270,60:00,16,10,0,0,0,0,0,15,15,1,NA
2020-02-01,North Carolina Tar Heels,Colgate,Home,FALSE,19,6,NA,1,19,11,30,42,31,3,1,39,19,11,16,28,6,240,60:00,6,14,0,0,0,0,0,19,26,0.731,NA,1,6,3,9,33,20,2,0,39,27,10,12,28,5,270,60:00,19,12,0,0,0,0,0,16,22,0.727,NA
2020-02-08,North Carolina Tar Heels,Mercer,Home,FALSE,14,6,NA,1,14,9,23,41,22,2,0,27,10,7,11,24,2,60,60:00,6,5,0,0,0,0,0,18,20,0.9,NA,1,6,4,10,37,11,0,0,23,17,4,13,24,2,60,60:00,14,8,0,0,0,0,0,13,16,0.812,NA
2020-02-15,North Carolina Tar Heels,Lafayette,Home,FALSE,24,8,NA,1,24,19,43,58,38,4,0,51,17,10,21,36,4,210,60:00,8,10,0,0,0,0,0,17,20,0.85,NA,1,8,4,12,31,18,1,0,24,22,3,15,36,7,300,60:00,24,14,0,0,0,0,0,13,19,0.684,NA
2020-02-22,North Carolina Tar Heels,Johns Hopkins,Away,FALSE,17,10,NA,1,17,13,30,48,31,5,0,29,11,3,12,30,3,150,60:00,10,10,0,0,0,0,0,16,17,0.941,NA,1,10,5,15,42,20,1,0,21,15,2,18,30,6,300,60:00,17,14,0,0,0,0,0,13,19,0.684,NA
2020-03-01,North Carolina Tar Heels,Denver,Away,FALSE,15,13,NA,1,15,9,24,43,25,2,0,33,14,4,15,32,7,300,60:00,13,9,0,0,0,0,0,18,18,1,NA,1,13,7,20,41,22,5,0,26,17,3,17,32,3,120,60:00,15,10,0,0,0,0,0,17,21,0.81,NA
2020-03-06,North Carolina Tar Heels,Furman,Away,FALSE,18,11,NA,1,18,13,31,44,32,0,0,45,18,10,25,32,3,150,60:00,11,6,0,0,0,0,0,9,12,0.75,NA,1,11,7,18,22,17,2,0,20,21,8,7,32,1,30,60:00,18,14,0,0,0,0,0,18,25,0.72,NA
2020-03-10,North Carolina Tar Heels,Bryant,Home,FALSE,18,16,NA,1,18,12,30,44,33,1,0,44,12,6,25,38,4,120,60:00,16,9,0,0,0,0,0,13,15,0.867,NA,1,16,5,21,41,25,2,0,23,15,7,13,38,1,60,60:00,18,15,0,0,0,0,0,16,21,0.762,NA
2020-02-15,Notre Dame Fighting Irish,Cleveland St.,Home,FALSE,17,7,NA,1,17,10,27,47,30,2,0,32,14,7,11,28,1,60,60:00,7,14,0,0,0,0,0,24,29,0.828,NA,1,7,3,10,36,21,1,0,31,18,6,17,28,5,270,60:00,17,13,0,0,0,0,0,16,19,0.842,NA
2020-02-23,Notre Dame Fighting Irish,Richmond,Home,FALSE,13,5,NA,1,13,7,20,57,35,1,0,39,15,10,19,22,3,90,60:00,5,8,0,0,0,0,0,20,23,0.87,NA,1,5,4,9,26,13,1,0,23,19,8,3,22,3,150,60:00,13,22,0,0,0,0,0,23,23,1,NA
2020-02-29,Notre Dame Fighting Irish,Maryland,Away,FALSE,9,14,NA,1,9,5,14,31,19,0,0,23,16,4,8,26,0,0,60:00,14,16,0,0,0,0,0,18,23,0.783,NA,1,14,6,20,64,30,0,0,38,17,8,18,26,1,30,60:00,9,10,0,0,0,0,0,21,21,1,NA
2020-03-07,Notre Dame Fighting Irish,Denver,Home,FALSE,11,14,NA,1,11,6,17,36,23,1,0,21,12,10,6,28,3,150,60:00,14,8,0,0,0,0,0,18,20,0.9,NA,1,14,7,21,43,22,1,0,34,19,6,22,28,4,120,60:00,11,12,0,0,0,0,0,16,20,0.8,NA
2020-03-10,Notre Dame Fighting Irish,Ohio St.,Away,FALSE,11,13,NA,1,11,6,17,38,21,1,0,35,12,6,12,27,6,210,60:00,13,9,0,0,0,0,0,17,20,0.85,NA,1,13,8,21,40,22,6,0,35,14,5,15,27,3,150,60:00,11,10,0,0,0,0,0,20,23,0.87,NA
2020-02-04,Ohio St. Buckeyes,Detroit Mercy,Home,FALSE,23,9,NA,1,23,21,44,50,30,0,0,41,17,9,19,36,0,0,60:00,9,10,0,0,0,0,0,19,20,0.95,NA,1,9,5,14,32,19,0,0,31,16,9,17,36,1,60,60:00,23,7,0,0,0,0,0,13,21,0.619,NA
2020-02-08,Ohio St. Buckeyes,Boston U.,Away,FALSE,11,4,NA,1,11,7,18,32,19,0,0,26,21,11,3,18,5,210,60:00,4,18,0,0,0,0,0,23,24,0.958,NA,1,4,3,7,43,22,1,0,38,20,16,15,18,1,60,60:00,11,8,0,0,0,0,0,21,25,0.84,NA
2020-02-15,Ohio St. Buckeyes,Massachusetts,Home,FALSE,7,9,NA,1,7,4,11,35,23,2,0,28,14,8,9,17,4,240,60:00,9,12,0,0,0,0,0,19,20,0.95,NA,1,9,3,12,31,21,1,0,27,16,8,8,17,6,270,60:00,7,16,0,0,0,0,0,19,23,0.826,NA
2020-02-22,Ohio St. Buckeyes,Bucknell,Away,FALSE,15,11,NA,1,15,8,23,33,26,1,0,32,18,5,15,29,5,240,60:00,11,13,0,0,0,0,0,17,21,0.81,NA,1,11,6,17,37,24,0,0,34,16,11,14,29,1,60,60:00,15,11,0,0,0,0,0,14,21,0.667,NA
2020-03-01,Ohio St. Buckeyes,Cornell,Home,FALSE,16,17,NA,1,16,7,23,42,25,1,0,33,25,4,30,37,5,300,60:00,17,15,0,0,0,0,0,12,16,0.75,NA,1,17,11,28,47,32,2,0,25,9,6,7,37,7,420,60:00,16,9,0,0,0,0,0,20,23,0.87,NA
2020-03-07,Ohio St. Buckeyes,Hofstra,Home,FALSE,12,10,NA,1,12,8,20,40,21,0,0,30,15,2,13,26,0,0,60:00,10,19,0,0,0,0,0,18,20,0.9,NA,1,10,4,14,46,29,0,0,23,12,5,13,26,1,60,60:00,12,9,0,0,0,0,0,18,22,0.818,NA
2020-03-10,Ohio St. Buckeyes,Notre Dame,Home,FALSE,13,11,NA,1,13,8,21,40,22,6,0,35,14,5,15,27,3,150,60:00,11,10,0,0,0,0,0,20,23,0.87,NA,1,11,6,17,38,21,1,0,35,12,6,12,27,6,210,60:00,13,9,0,0,0,0,0,17,20,0.85,NA
2020-02-15,Penn Quakers,Maryland,Away,FALSE,15,17,NA,1,15,10,25,48,34,0,0,32,13,7,18,35,3,120,60:00,17,9,0,0,0,0,0,19,19,1,NA,1,17,9,26,40,26,3,0,34,16,4,17,35,4,150,60:00,15,19,0,0,0,0,0,22,24,0.917,NA
2020-02-22,Penn Quakers,"Duke Charlotte, N.C.",Away,FALSE,14,11,NA,1,14,6,20,52,27,1,0,34,22,11,17,29,0,0,60:00,11,7,0,0,0,0,0,16,21,0.762,NA,1,11,7,18,28,18,0,0,33,25,12,12,29,2,60,60:00,14,13,0,0,0,0,0,23,30,0.767,NA
2020-02-29,Penn Quakers,Penn St.,Home,FALSE,17,18,1,1,17,11,28,56,35,2,0,44,14,7,26,39,1,60,61:12,18,11,0,0,0,0,0,17,19,0.895,NA,1,18,6,24,37,29,0,0,34,13,9,13,39,1,60,61:12,17,18,0,0,0,0,0,22,28,0.786,1
2020-03-06,Penn Quakers,Villanova,Home,FALSE,10,12,NA,1,10,7,17,37,24,2,0,34,21,7,20,26,5,150,60:00,12,13,0,0,0,0,0,10,13,0.769,NA,1,12,7,19,44,25,3,0,27,12,10,6,26,5,210,60:00,10,14,0,0,0,0,0,15,19,0.789,NA
2020-03-08,Penn Quakers,Saint Joseph's,Away,FALSE,13,12,NA,1,13,9,22,54,32,0,0,44,15,6,21,27,6,330,60:00,12,17,0,0,0,0,0,14,16,0.875,NA,1,12,9,21,41,29,1,0,28,11,10,6,27,5,210,60:00,13,19,0,0,0,0,0,20,21,0.952,NA
2020-02-01,Penn St. Nittany Lions,Lafayette,Home,FALSE,16,9,NA,1,16,9,25,36,27,4,0,33,17,5,22,27,4,180,60:00,9,8,0,0,0,0,0,17,19,0.895,NA,1,9,4,13,30,17,1,0,20,19,3,5,27,4,240,60:00,16,11,0,0,0,0,0,21,25,0.84,NA
2020-02-08,Penn St. Nittany Lions,Villanova,Away,FALSE,19,10,NA,1,19,12,31,51,31,0,2,34,13,2,21,32,3,150,60:00,10,9,0,0,0,0,0,15,18,0.833,NA,1,10,4,14,42,19,0,0,18,9,6,11,32,1,60,60:00,19,12,0,0,0,0,0,18,20,0.9,NA
2020-02-15,Penn St. Nittany Lions,Saint Joseph's,Home,FALSE,19,4,NA,1,19,13,32,42,31,1,0,36,17,7,14,27,4,120,60:00,4,12,0,0,0,0,0,26,27,0.963,NA,1,4,3,7,30,16,1,0,23,22,5,13,27,1,30,60:00,19,12,0,0,0,0,0,15,21,0.714,NA
2020-02-22,Penn St. Nittany Lions,Yale,Home,FALSE,10,12,NA,1,10,6,16,47,18,2,0,29,25,11,10,26,1,60,60:00,12,16,0,0,0,0,0,17,22,0.773,NA,1,12,3,15,42,28,1,0,42,23,9,16,26,4,180,60:00,10,8,0,0,0,0,0,11,22,0.5,NA
2020-02-29,Penn St. Nittany Lions,Penn,Away,FALSE,18,17,1,1,18,6,24,37,29,0,0,34,13,9,13,39,1,60,61:12,17,18,0,0,0,0,0,22,28,0.786,1,1,17,11,28,56,35,2,0,44,14,7,26,39,1,60,61:12,18,11,0,0,0,0,0,17,19,0.895,NA
2020-03-08,Penn St. Nittany Lions,"Cornell Cornelius, N.C.",Away,FALSE,17,18,NA,1,17,9,26,33,23,3,0,45,17,3,20,39,2,90,60:00,18,9,0,0,0,0,0,11,16,0.688,NA,1,18,11,29,40,27,2,0,41,11,9,19,39,7,390,60:00,17,6,0,0,0,0,0,11,11,1,NA
2020-03-10,Penn St. Nittany Lions,Furman,Away,FALSE,22,7,NA,1,22,13,35,56,36,1,0,51,20,10,22,32,2,90,60:00,7,13,0,0,0,0,0,20,24,0.833,NA,1,7,5,12,36,20,2,0,33,18,13,10,32,2,90,60:00,22,14,0,0,0,0,0,18,21,0.857,NA
2020-02-15,Princeton Tigers,Monmouth,Home,FALSE,20,9,NA,1,20,11,31,47,31,1,0,43,19,14,21,33,2,90,60:00,9,9,0,0,0,0,0,10,11,0.909,NA,1,9,5,14,33,18,1,0,32,19,9,12,33,4,150,60:00,20,11,0,0,0,0,0,16,20,0.8,NA
2020-02-18,Princeton Tigers,Colgate,Home,FALSE,20,11,NA,1,20,14,34,54,38,2,0,40,13,12,14,33,6,300,60:00,11,10,0,0,0,0,0,17,18,0.944,NA,1,11,8,19,47,21,3,0,40,20,8,19,33,4,180,60:00,20,18,0,0,0,0,0,14,21,0.667,NA
2020-02-22,Princeton Tigers,Virginia,Away,FALSE,16,12,NA,1,16,7,23,46,30,1,0,37,15,6,14,31,3,90,60:00,12,16,0,0,0,0,0,20,28,0.714,NA,1,12,7,19,48,28,1,0,50,15,9,17,31,4,180,60:00,16,14,0,0,0,0,0,17,19,0.895,NA
2020-02-29,Princeton Tigers,Johns Hopkins,Home,FALSE,18,11,NA,1,18,11,29,44,28,2,0,34,11,9,12,33,5,240,60:00,11,15,0,0,0,0,0,12,13,0.923,NA,1,11,7,18,49,26,4,0,31,12,5,21,33,6,270,60:00,18,10,0,0,0,0,0,5,8,0.625,NA
2020-03-07,Princeton Tigers,Rutgers,Home,FALSE,16,11,NA,1,16,6,22,37,25,1,0,38,20,9,19,31,3,150,60:00,11,10,0,0,0,0,0,16,21,0.762,NA,1,11,5,16,32,21,2,0,24,15,11,12,31,3,150,60:00,16,9,0,0,0,0,0,10,13,0.769,NA
2020-02-01,Providence Friars,Boston U.,Away,FALSE,12,5,NA,1,12,8,20,42,24,1,0,32,22,10,6,21,0,0,60:00,5,10,0,0,0,0,0,22,29,0.759,NA,1,5,3,8,28,15,0,0,32,28,14,15,21,2,90,60:00,12,12,0,0,0,0,0,20,23,0.87,NA
2020-02-08,Providence Friars,Holy Cross,Home,FALSE,6,4,NA,1,6,5,11,36,18,2,0,28,16,6,4,13,4,210,60:00,4,13,0,0,0,0,0,21,24,0.875,NA,1,4,2,6,36,17,0,0,28,17,11,9,13,3,90,60:00,6,12,0,0,0,0,0,20,22,0.909,NA
2020-02-15,Providence Friars,Bryant,Home,FALSE,16,9,NA,1,16,8,24,47,26,1,0,44,16,9,16,29,6,270,60:00,9,15,0,0,0,0,0,18,22,0.818,NA,1,9,5,14,37,24,1,0,23,18,6,13,29,3,180,60:00,16,10,0,0,0,0,0,13,17,0.765,NA
2020-02-22,Providence Friars,Saint Joseph's,Away,FALSE,8,10,NA,1,8,5,13,34,16,2,0,22,13,8,3,22,2,90,60:00,10,11,0,0,0,0,0,24,25,0.96,NA,1,10,6,16,36,21,0,0,31,19,8,19,22,3,120,60:00,8,8,0,0,0,0,0,19,19,1,NA
2020-02-29,Providence Friars,Brown,Away,FALSE,13,12,1,1,13,7,20,41,25,2,0,34,16,6,9,29,3,150,62:44,12,16,0,0,0,0,0,20,26,0.769,1,1,12,7,19,43,28,0,0,46,16,9,20,29,3,150,62:44,13,12,0,0,0,0,0,19,22,0.864,NA
2020-03-07,Providence Friars,Sacred Heart,Away,FALSE,14,8,NA,1,14,6,20,46,32,3,0,35,11,10,16,26,1,30,60:00,8,16,0,0,0,0,0,20,20,1,NA,1,8,1,9,37,24,0,0,23,12,9,10,26,5,180,60:00,14,18,0,0,0,0,0,17,18,0.944,NA
2020-02-01,Quinnipiac Bobcats,Rutgers,Away,FALSE,9,20,NA,1,9,4,13,32,22,0,0,31,25,7,13,33,4,180,60:00,20,16,0,0,0,0,0,13,20,0.65,NA,1,20,12,32,58,36,2,1,41,19,11,20,33,3,120,60:00,9,13,0,0,0,0,0,20,23,0.87,NA
2020-02-08,Quinnipiac Bobcats,UMass Lowell,Away,FALSE,9,10,NA,1,9,4,13,40,19,4,0,37,21,5,19,22,2,120,60:00,10,10,0,0,0,0,0,16,21,0.762,NA,1,10,4,14,43,20,1,0,17,12,13,3,22,9,420,60:00,9,10,0,0,0,0,0,19,22,0.864,NA
2020-02-15,Quinnipiac Bobcats,Brown,Away,FALSE,7,11,NA,1,7,2,9,33,18,2,0,20,18,1,7,20,6,210,60:00,11,21,0,0,0,0,0,20,23,0.87,NA,1,11,5,16,60,32,3,0,34,12,7,13,20,4,240,60:00,7,11,0,0,0,0,0,20,23,0.87,NA
2020-02-22,Quinnipiac Bobcats,Vermont,Away,FALSE,7,16,NA,1,7,2,9,39,21,0,0,32,16,7,19,28,4,270,60:00,16,15,0,0,0,0,0,11,14,0.786,NA,1,16,6,22,49,31,2,0,29,16,10,9,28,0,0,60:00,7,14,0,0,0,0,0,18,21,0.857,NA
2020-02-29,Quinnipiac Bobcats,Fairfield,Away,FALSE,15,19,NA,1,15,7,22,53,29,1,0,37,16,6,25,36,3,150,60:00,19,12,0,0,0,0,0,15,19,0.789,NA,1,19,13,32,46,31,2,0,29,10,10,11,36,4,210,60:00,15,14,0,0,0,0,0,21,25,0.84,NA
2020-03-07,Quinnipiac Bobcats,LIU,Away,FALSE,9,13,NA,1,9,5,14,45,25,1,0,32,21,9,16,24,10,570,60:00,13,6,0,0,0,0,0,15,15,1,NA,1,13,7,20,39,19,3,0,25,18,8,8,24,6,300,60:00,9,16,0,0,0,0,0,20,21,0.952,NA
2020-02-08,Richmond Spiders,Maryland,Home,FALSE,13,14,2,1,13,9,22,38,23,1,0,40,25,15,17,31,2,90,65:48,14,11,0,0,0,0,0,25,29,0.862,NA,1,14,10,24,40,25,1,0,28,23,10,14,31,3,150,65:48,13,10,0,0,0,0,0,30,35,0.857,1
2020-02-14,Richmond Spiders,Marist,Home,FALSE,13,11,NA,1,13,10,23,35,21,2,0,25,14,9,13,28,2,60,60:00,11,13,0,0,0,0,0,18,19,0.947,NA,1,11,5,16,36,24,1,0,31,16,10,15,28,3,150,60:00,13,8,0,0,0,0,0,17,20,0.85,NA
2020-02-18,Richmond Spiders,Navy,Home,FALSE,12,9,NA,1,12,9,21,31,20,1,0,27,19,10,10,25,4,210,60:00,9,14,0,0,0,0,0,18,22,0.818,NA,1,9,6,15,35,23,1,0,34,17,13,15,25,3,180,60:00,12,8,0,0,0,0,0,19,23,0.826,NA
2020-02-23,Richmond Spiders,Notre Dame,Away,FALSE,5,13,NA,1,5,4,9,26,13,1,0,23,19,8,3,22,3,150,60:00,13,22,0,0,0,0,0,23,23,1,NA,1,13,7,20,57,35,1,0,39,15,10,19,22,3,90,60:00,5,8,0,0,0,0,0,20,23,0.87,NA
2020-02-28,Richmond Spiders,Duke,Away,FALSE,15,16,1,1,15,7,22,32,19,1,0,25,15,4,15,33,1,30,61:12,16,11,0,0,0,0,0,14,14,1,NA,1,16,9,25,39,27,0,0,42,15,8,18,33,3,120,61:12,15,4,0,0,0,0,0,19,22,0.864,1
2020-03-03,Richmond Spiders,Mount St. Mary's,Away,FALSE,14,7,NA,1,14,8,22,51,29,4,0,29,14,7,11,23,3,150,60:00,7,10,0,0,0,0,0,23,25,0.92,NA,1,7,5,12,25,17,0,0,30,23,8,12,23,4,210,60:00,14,15,0,0,0,0,0,17,23,0.739,NA
2020-03-07,Richmond Spiders,VMI,Away,FALSE,17,4,NA,1,17,5,22,53,33,0,0,43,17,12,12,24,2,90,60:00,4,12,0,0,0,0,0,23,25,0.92,NA,1,4,1,5,24,16,1,0,31,19,9,12,24,2,90,60:00,17,16,0,0,0,0,0,19,23,0.826,NA
2020-02-15,Robert Morris Colonials,Canisius,Away,FALSE,22,10,NA,1,22,9,31,60,41,2,1,45,14,4,24,35,6,300,60:00,10,8,0,0,0,0,0,19,19,1,NA,1,10,4,14,27,18,1,0,42,22,6,11,35,4,180,60:00,22,19,0,0,0,0,0,13,21,0.619,NA
2020-02-23,Robert Morris Colonials,"Jacksonville Sparks, Md.",Away,FALSE,8,15,NA,1,8,2,10,49,22,0,0,35,20,12,12,27,4,180,60:00,15,15,0,0,0,0,0,18,25,0.72,NA,1,15,6,21,41,30,1,0,42,19,10,15,27,6,210,60:00,8,14,0,0,0,0,0,24,26,0.923,NA
2020-02-25,Robert Morris Colonials,Drexel,Away,FALSE,12,24,NA,1,12,5,17,46,29,4,0,35,20,7,14,40,7,330,60:00,24,12,0,0,0,0,0,16,18,0.889,NA,1,24,14,38,57,36,4,0,49,25,10,26,40,6,330,60:00,12,17,0,0,0,0,0,20,25,0.8,NA
2020-02-29,Robert Morris Colonials,High Point,Home,FALSE,15,11,NA,1,15,10,25,40,25,1,0,42,19,12,15,29,2,120,60:00,11,11,0,0,0,0,0,18,22,0.818,NA,1,11,7,18,41,22,2,0,32,18,13,14,29,2,60,60:00,15,10,0,0,0,0,0,19,21,0.905,NA
2020-03-04,Robert Morris Colonials,Detroit Mercy,Away,FALSE,16,13,NA,1,16,10,26,42,32,1,1,35,18,13,11,32,3,150,60:00,13,9,0,0,0,0,0,18,19,0.947,NA,1,13,6,19,39,22,0,1,40,23,4,21,32,7,300,60:00,16,16,0,0,0,0,0,14,21,0.667,NA
2020-03-07,Robert Morris Colonials,Marquette,Away,FALSE,11,10,NA,1,11,7,18,42,24,0,0,33,14,9,16,25,2,90,60:00,10,7,0,0,0,0,0,15,17,0.882,NA,1,10,5,15,32,17,0,0,23,12,7,9,25,1,60,60:00,11,13,0,0,0,0,0,18,20,0.9,NA
2020-02-01,Rutgers Scarlet Knights,Quinnipiac,Home,FALSE,20,9,NA,1,20,12,32,58,36,2,1,41,19,11,20,33,3,120,60:00,9,13,0,0,0,0,0,20,23,0.87,NA,1,9,4,13,32,22,0,0,31,25,7,13,33,4,180,60:00,20,16,0,0,0,0,0,13,20,0.65,NA
2020-02-08,Rutgers Scarlet Knights,St. John's (NY),Home,FALSE,17,10,NA,1,17,7,24,48,23,1,0,23,9,9,6,31,2,120,60:00,10,14,0,0,0,0,0,23,24,0.958,NA,1,10,5,15,48,24,1,0,39,18,4,25,31,2,60,60:00,17,6,0,0,0,0,0,12,15,0.8,NA
2020-02-15,Rutgers Scarlet Knights,Army West Point,Away,FALSE,4,15,NA,1,4,3,7,36,22,1,0,20,15,5,7,22,3,90,60:00,15,6,0,0,0,0,0,15,17,0.882,NA,1,15,12,27,39,21,0,0,37,22,8,15,22,3,150,60:00,4,18,0,0,0,0,0,18,23,0.783,NA
2020-02-22,Rutgers Scarlet Knights,Loyola Maryland,Away,FALSE,10,11,NA,1,10,6,16,26,20,0,0,20,11,6,2,25,2,60,60:00,11,16,0,0,0,0,0,18,21,0.857,NA,1,11,5,16,48,27,0,0,39,15,6,23,25,2,90,60:00,10,10,0,0,0,0,0,16,16,1,NA
2020-02-29,Rutgers Scarlet Knights,Stony Brook,Home,FALSE,13,14,NA,1,13,8,21,42,21,1,0,28,14,7,10,30,6,330,60:00,14,15,0,0,0,0,0,17,22,0.773,NA,1,14,5,19,51,29,1,0,35,16,5,20,30,3,150,60:00,13,8,0,0,0,0,0,14,15,0.933,NA
2020-03-07,Rutgers Scarlet Knights,Princeton,Away,FALSE,11,16,NA,1,11,5,16,32,21,2,0,24,15,11,12,31,3,150,60:00,16,9,0,0,0,0,0,10,13,0.769,NA,1,16,6,22,37,25,1,0,38,20,9,19,31,3,150,60:00,11,10,0,0,0,0,0,16,21,0.762,NA
2020-02-09,Sacred Heart Pioneers,Hartford,Home,FALSE,14,11,NA,1,14,12,26,41,23,3,0,27,21,10,14,28,5,210,60:00,11,14,0,0,0,0,0,24,25,0.96,NA,1,11,7,18,44,25,1,0,28,15,13,14,28,5,240,60:00,14,9,0,0,0,0,0,16,20,0.8,NA
2020-02-15,Sacred Heart Pioneers,Bucknell,Away,FALSE,11,14,NA,1,11,7,18,43,28,1,0,35,25,11,12,29,1,30,60:00,14,19,0,0,0,0,0,18,29,0.621,NA,1,14,11,25,56,33,1,0,44,18,17,17,29,3,150,60:00,11,17,0,0,0,0,0,16,23,0.696,NA
2020-02-18,Sacred Heart Pioneers,Brown,Away,FALSE,7,20,NA,1,7,3,10,34,21,2,0,26,20,4,12,28,4,210,60:00,20,10,0,0,0,0,0,16,19,0.842,NA,1,20,15,35,54,30,3,0,38,16,15,16,28,4,210,60:00,7,14,0,0,0,0,0,24,26,0.923,NA
2020-02-29,Sacred Heart Pioneers,UMBC,Away,FALSE,6,13,NA,1,6,2,8,36,23,0,1,28,21,5,4,23,6,330,60:00,13,12,0,0,0,0,0,24,29,0.828,NA,1,13,8,21,44,25,3,0,40,18,12,19,23,3,90,60:00,6,17,0,0,0,0,0,23,26,0.885,NA
2020-03-03,Sacred Heart Pioneers,"Stony Brook S. Huntington, N.Y.",Away,FALSE,12,13,1,1,12,4,16,47,23,1,0,32,24,8,14,28,4,180,63:30,13,18,0,0,0,0,0,17,25,0.68,NA,1,13,9,22,48,31,1,0,42,17,9,14,28,2,90,63:30,12,11,0,0,0,0,0,14,16,0.875,1
2020-03-07,Sacred Heart Pioneers,Providence,Home,FALSE,8,14,NA,1,8,1,9,37,24,0,0,23,12,9,10,26,5,180,60:00,14,18,0,0,0,0,0,17,18,0.944,NA,1,14,6,20,46,32,3,0,35,11,10,16,26,1,30,60:00,8,16,0,0,0,0,0,20,20,1,NA
2020-02-09,Saint Joseph's Hawks,St. Bonaventure,Away,FALSE,15,8,NA,1,15,10,25,48,28,1,0,46,19,6,24,27,6,300,60:00,8,6,0,0,0,0,0,16,18,0.889,NA,1,8,4,12,34,14,2,0,18,14,6,3,27,4,210,60:00,15,13,0,0,0,0,0,18,20,0.9,NA
2020-02-15,Saint Joseph's Hawks,Penn St.,Away,FALSE,4,19,NA,1,4,3,7,30,16,1,0,23,22,5,13,27,1,30,60:00,19,12,0,0,0,0,0,15,21,0.714,NA,1,19,13,32,42,31,1,0,36,17,7,14,27,4,120,60:00,4,12,0,0,0,0,0,26,27,0.963,NA
2020-02-18,Saint Joseph's Hawks,Delaware,Home,FALSE,11,8,NA,1,11,6,17,32,20,2,0,27,18,7,14,22,3,150,60:00,8,18,0,0,0,0,0,21,22,0.955,NA,1,8,5,13,42,26,2,0,21,11,3,8,22,5,210,60:00,11,9,0,0,0,0,0,18,19,0.947,NA
2020-02-22,Saint Joseph's Hawks,Providence,Home,FALSE,10,8,NA,1,10,6,16,36,21,0,0,31,19,8,19,22,3,120,60:00,8,8,0,0,0,0,0,19,19,1,NA,1,8,5,13,34,16,2,0,22,13,8,3,22,2,90,60:00,10,11,0,0,0,0,0,24,25,0.96,NA
2020-02-29,Saint Joseph's Hawks,Monmouth,Away,FALSE,10,3,NA,1,10,7,17,35,23,0,0,43,18,11,14,16,2,90,60:00,3,12,0,0,0,0,0,22,26,0.846,NA,1,3,0,3,29,15,0,0,27,16,12,2,16,5,240,60:00,10,13,0,0,0,0,0,26,27,0.963,NA
2020-03-06,Saint Joseph's Hawks,Drexel Philadelphia,Away,FALSE,10,9,NA,1,10,5,15,35,16,0,0,32,24,5,16,23,5,180,60:00,9,20,0,0,0,0,0,23,30,0.767,NA,1,9,6,15,51,29,1,0,38,15,13,7,23,4,120,60:00,10,6,0,0,0,0,0,22,25,0.88,NA
2020-03-08,Saint Joseph's Hawks,Penn,Home,FALSE,12,13,NA,1,12,9,21,41,29,1,0,28,11,10,6,27,5,210,60:00,13,19,0,0,0,0,0,20,21,0.952,NA,1,13,9,22,54,32,0,0,44,15,6,21,27,6,330,60:00,12,17,0,0,0,0,0,14,16,0.875,NA
2020-02-08,Siena Saints,LIU,Home,FALSE,14,12,NA,1,14,5,19,49,32,1,0,34,17,14,15,30,6,270,60:00,12,12,0,0,0,0,0,22,26,0.846,NA,1,12,10,22,33,24,1,0,33,23,4,15,30,3,150,60:00,14,18,0,0,0,0,0,18,24,0.75,NA
2020-02-15,Siena Saints,Hobart,Away,FALSE,9,26,NA,1,9,9,18,40,20,1,0,22,15,6,15,38,4,210,60:00,26,17,0,0,0,0,0,13,17,0.765,NA,1,26,15,41,68,43,3,0,49,13,11,23,38,6,300,60:00,9,11,0,0,0,0,0,18,20,0.9,NA
2020-02-22,Siena Saints,UMass Lowell,Home,FALSE,15,16,NA,1,15,9,24,43,26,1,0,36,19,8,10,33,3,150,60:00,16,15,0,0,0,0,0,17,22,0.773,NA,1,16,11,27,51,31,0,0,39,17,9,23,33,4,150,60:00,15,11,0,0,0,0,0,11,15,0.733,NA
2020-02-29,Siena Saints,NJIT,Away,FALSE,12,5,NA,1,12,5,17,45,26,2,0,32,14,14,11,20,4,150,60:00,5,11,0,0,0,0,0,23,29,0.793,NA,1,5,0,5,34,16,0,0,22,22,10,9,20,3,180,60:00,12,14,0,0,0,0,0,22,24,0.917,NA
2020-03-07,Siena Saints,St. John's (NY),Away,FALSE,9,16,NA,1,9,3,12,36,18,0,0,27,26,8,17,29,5,180,60:00,16,13,0,0,0,0,0,17,25,0.68,NA,1,16,7,23,50,29,3,0,32,14,12,12,29,2,60,60:00,9,9,0,0,0,0,0,23,25,0.92,NA
2020-03-10,Siena Saints,Fairfield,Home,FALSE,12,21,NA,1,12,8,20,47,29,3,0,45,20,12,11,37,5,210,60:00,21,21,0,0,0,0,0,21,26,0.808,NA,1,21,14,35,60,42,4,0,47,23,6,26,37,5,270,60:00,12,17,0,0,0,0,0,18,25,0.72,NA
2020-02-09,St. Bonaventure Bonnies,Saint Joseph's,Home,FALSE,8,15,NA,1,8,4,12,34,14,2,0,18,14,6,3,27,4,210,60:00,15,13,0,0,0,0,0,18,20,0.9,NA,1,15,10,25,48,28,1,0,46,19,6,24,27,6,300,60:00,8,6,0,0,0,0,0,16,18,0.889,NA
2020-02-15,St. Bonaventure Bonnies,Bellarmine,Away,FALSE,5,13,NA,1,5,4,9,27,16,1,0,14,20,6,4,22,1,30,60:00,13,16,0,0,0,0,0,23,27,0.852,NA,1,13,9,22,49,29,0,0,38,19,10,18,22,1,60,60:00,5,11,0,0,0,0,0,17,23,0.739,NA
2020-02-22,St. Bonaventure Bonnies,Denver,Away,FALSE,3,16,NA,1,3,3,6,22,8,1,0,19,17,3,3,23,2,60,60:00,16,18,0,0,0,0,0,21,25,0.84,NA,1,16,9,25,47,34,0,0,39,13,8,20,23,1,60,60:00,3,5,0,0,0,0,0,16,18,0.889,NA
2020-02-23,St. Bonaventure Bonnies,"Air Force Denver, Colo.",Away,FALSE,5,11,NA,1,5,3,8,25,13,0,0,20,15,7,8,19,3,90,60:00,11,9,0,0,0,0,0,16,21,0.762,NA,1,11,7,18,35,20,2,0,41,18,4,11,19,3,120,60:00,5,8,0,0,0,0,0,18,22,0.818,NA
2020-03-02,St. Bonaventure Bonnies,High Point,Away,FALSE,8,13,NA,1,8,7,15,29,17,1,0,25,19,12,7,24,2,60,60:00,13,15,0,0,0,0,0,20,24,0.833,NA,1,13,10,23,42,28,1,1,42,17,9,17,24,5,240,60:00,8,9,0,0,0,0,0,21,21,1,NA
2020-03-04,St. Bonaventure Bonnies,Mercer,Away,FALSE,8,17,NA,1,8,1,9,29,15,0,0,7,11,5,6,30,3,270,60:00,17,6,0,0,0,0,0,4,4,1,NA,1,17,11,28,41,23,3,0,32,15,5,24,30,1,30,60:00,8,7,0,0,0,0,0,7,7,1,NA
2020-02-08,St. John's (NY) Red Storm,Rutgers,Away,FALSE,10,17,NA,1,10,5,15,48,24,1,0,39,18,4,25,31,2,60,60:00,17,6,0,0,0,0,0,12,15,0.8,NA,1,17,7,24,48,23,1,0,23,9,9,6,31,2,120,60:00,10,14,0,0,0,0,0,23,24,0.958,NA
2020-02-11,St. John's (NY) Red Storm,Stony Brook,Away,FALSE,12,13,1,1,12,5,17,50,25,2,0,32,14,9,17,29,6,240,63:52,13,14,0,0,0,0,0,21,23,0.913,NA,1,13,4,17,43,27,2,0,40,20,10,12,29,3,120,63:52,12,13,0,0,0,0,0,20,23,0.87,1
2020-02-15,St. John's (NY) Red Storm,Hartford,Home,FALSE,13,11,NA,1,13,6,19,39,21,2,0,40,24,14,15,28,3,90,59:54,11,8,0,0,0,0,0,24,26,0.923,NA,1,11,5,16,46,19,0,0,31,20,14,13,28,4,180,59:54,13,8,0,0,0,0,0,22,27,0.815,NA
2020-02-22,St. John's (NY) Red Storm,LIU,Away,FALSE,17,15,NA,1,17,12,29,50,32,6,0,28,15,3,21,35,4,150,60:00,15,12,0,0,0,0,0,15,16,0.938,NA,1,15,10,25,42,27,2,0,15,11,5,14,35,7,330,60:00,17,15,0,0,0,0,0,19,21,0.905,NA
2020-02-29,St. John's (NY) Red Storm,Michigan,Away,FALSE,11,16,NA,1,11,8,19,34,21,1,0,35,20,4,17,31,2,90,60:00,16,11,0,0,0,0,0,18,22,0.818,NA,1,16,6,22,46,27,1,0,30,17,10,14,31,2,90,60:00,11,10,0,0,0,0,0,18,19,0.947,NA
2020-03-07,St. John's (NY) Red Storm,Siena,Home,FALSE,16,9,NA,1,16,7,23,50,29,3,0,32,14,12,12,29,2,60,60:00,9,9,0,0,0,0,0,23,25,0.92,NA,1,9,3,12,36,18,0,0,27,26,8,17,29,5,180,60:00,16,13,0,0,0,0,0,17,25,0.68,NA
2020-03-10,St. John's (NY) Red Storm,Hofstra,Home,FALSE,9,19,NA,1,9,4,13,34,23,1,0,24,14,6,10,32,2,90,60:00,19,13,0,0,0,0,0,14,15,0.933,NA,1,19,13,32,46,32,1,0,33,14,5,22,32,1,30,60:00,9,14,0,0,0,0,0,14,16,0.875,NA
2020-02-11,Stony Brook Seawolves,St. John's (NY),Home,FALSE,13,12,1,1,13,4,17,43,27,2,0,40,20,10,12,29,3,120,63:52,12,13,0,0,0,0,0,20,23,0.87,1,1,12,5,17,50,25,2,0,32,14,9,17,29,6,240,63:52,13,14,0,0,0,0,0,21,23,0.913,NA
2020-02-15,Stony Brook Seawolves,Fairfield,Away,FALSE,16,18,NA,1,16,4,20,48,27,2,0,39,16,5,21,37,4,210,60:00,18,12,0,0,0,0,0,10,14,0.714,NA,1,18,12,30,45,30,3,0,39,11,9,16,37,6,300,60:00,16,11,0,0,0,0,0,14,18,0.778,NA
2020-02-22,Stony Brook Seawolves,Brown,Home,FALSE,11,10,1,1,11,5,16,41,23,1,0,32,17,6,9,24,4,180,64:00,10,22,0,0,0,0,0,20,23,0.87,1,1,10,5,15,61,32,0,0,33,14,5,15,24,4,150,64:00,11,12,0,0,0,0,0,13,15,0.867,NA
2020-02-25,Stony Brook Seawolves,Hofstra,Home,FALSE,14,11,NA,1,14,7,21,41,29,2,1,29,16,6,16,28,8,360,60:00,11,16,0,0,0,0,0,19,26,0.731,NA,1,11,8,19,50,27,3,0,27,14,4,12,28,8,360,60:00,14,15,0,0,0,0,0,19,20,0.95,NA
2020-02-29,Stony Brook Seawolves,Rutgers,Away,FALSE,14,13,NA,1,14,5,19,51,29,1,0,35,16,5,20,30,3,150,60:00,13,8,0,0,0,0,0,14,15,0.933,NA,1,13,8,21,42,21,1,0,28,14,7,10,30,6,330,60:00,14,15,0,0,0,0,0,17,22,0.773,NA
2020-03-03,Stony Brook Seawolves,"Sacred Heart S. Huntington, N.Y.",Away,FALSE,13,12,1,1,13,9,22,48,31,1,0,42,17,9,14,28,2,90,63:30,12,11,0,0,0,0,0,14,16,0.875,1,1,12,4,16,47,23,1,0,32,24,8,14,28,4,180,63:30,13,18,0,0,0,0,0,17,25,0.68,NA
2020-03-07,Stony Brook Seawolves,Bryant,Away,FALSE,11,15,NA,1,11,6,17,51,29,3,0,42,13,7,15,29,4,150,60:00,15,14,0,0,0,0,0,14,14,1,NA,1,15,7,22,42,29,1,1,29,11,7,14,29,6,330,60:00,11,18,0,0,0,0,0,17,19,0.895,NA
2020-02-07,Syracuse Orange,Colgate,Home,FALSE,21,14,NA,1,21,11,32,65,36,1,1,45,10,13,25,39,6,300,60:00,14,12,0,0,0,0,0,22,22,1,NA,1,14,6,20,45,26,3,0,30,21,7,14,39,2,120,60:00,21,15,0,0,0,0,0,15,23,0.652,NA
2020-02-15,Syracuse Orange,Binghamton,Home,FALSE,17,4,NA,1,17,10,27,55,35,0,0,50,13,12,21,25,0,0,60:00,4,11,0,0,0,0,0,19,23,0.826,NA,1,4,2,6,21,15,0,0,31,21,6,4,25,2,90,60:00,17,18,0,0,0,0,0,21,24,0.875,NA
2020-02-23,Syracuse Orange,Army West Point,Home,FALSE,9,7,NA,1,9,2,11,47,25,0,0,38,15,5,16,19,4,150,60:00,7,18,0,0,0,0,0,24,26,0.923,NA,1,7,5,12,32,25,1,0,30,14,7,3,19,1,60,60:00,9,16,0,0,0,0,0,25,29,0.862,NA
2020-02-28,Syracuse Orange,Hobart,Home,FALSE,21,13,NA,1,21,9,30,48,37,1,1,39,13,13,20,38,4,240,60:00,13,7,0,0,0,0,0,14,16,0.875,NA,1,13,7,20,40,20,3,0,35,22,6,18,38,2,90,60:00,21,16,0,0,0,0,0,19,23,0.826,NA
2020-03-07,Syracuse Orange,Johns Hopkins,Away,FALSE,15,9,NA,1,15,11,26,42,29,3,0,34,17,6,18,28,5,270,60:00,9,16,0,0,0,0,0,22,24,0.917,NA,1,9,6,15,40,25,1,0,26,14,5,10,28,5,330,60:00,15,14,0,0,0,0,0,15,18,0.833,NA
2020-02-08,Towson Tigers,Johns Hopkins,Away,FALSE,7,15,NA,1,7,5,12,34,19,1,0,28,13,8,6,26,3,90,60:00,15,15,0,0,0,0,0,22,22,1,NA,1,15,8,23,46,30,1,0,42,15,5,20,26,4,150,60:00,7,12,0,0,0,0,0,19,23,0.826,NA
2020-02-15,Towson Tigers,Mount St. Mary's,Home,FALSE,10,11,NA,1,10,3,13,37,22,0,0,14,12,2,10,24,4,180,60:00,11,4,0,0,0,0,0,15,18,0.833,NA,1,11,3,14,37,15,3,0,20,15,3,14,24,2,90,60:00,10,12,0,0,0,0,0,11,12,0.917,NA
2020-02-21,Towson Tigers,Cornell,Home,FALSE,10,17,NA,1,10,6,16,34,18,1,0,28,14,7,10,31,1,60,60:00,17,13,0,0,0,0,0,13,15,0.867,NA,1,17,8,25,48,30,0,0,40,14,9,21,31,1,60,60:00,10,8,0,0,0,0,0,17,20,0.85,NA
2020-02-26,Towson Tigers,Loyola Maryland,Away,FALSE,6,15,NA,1,6,5,11,25,16,1,0,27,19,5,9,25,4,270,60:00,15,16,0,0,0,0,0,16,22,0.727,NA,1,15,9,24,51,31,4,0,33,15,15,16,25,1,60,60:00,6,10,0,0,0,0,0,21,21,1,NA
2020-03-03,Towson Tigers,UMBC,Away,FALSE,5,10,NA,1,5,4,9,30,12,0,0,18,17,6,5,18,6,270,60:00,10,18,0,0,0,0,0,19,20,0.95,NA,1,10,4,14,43,28,2,0,31,13,6,13,18,1,60,60:00,5,7,0,0,0,0,0,17,19,0.895,NA
2020-03-07,Towson Tigers,Georgetown,Home,FALSE,4,16,NA,1,4,1,5,28,13,0,0,25,20,7,9,24,2,60,60:00,16,9,0,0,0,0,0,17,24,0.708,NA,1,16,7,23,44,25,0,0,36,16,5,15,24,1,60,60:00,4,9,0,0,0,0,0,23,23,1,NA
2020-02-15,UAlbany Great Danes,Cornell,Home,FALSE,10,19,NA,1,10,8,18,37,20,1,0,32,16,8,11,32,4,210,60:00,19,13,0,0,0,0,0,21,24,0.875,NA,1,19,7,26,50,32,0,0,49,17,7,21,32,4,210,60:00,10,10,0,0,0,0,0,21,24,0.875,NA
2020-02-22,UAlbany Great Danes,Drexel,Home,FALSE,14,13,NA,1,14,10,24,38,25,1,0,38,21,7,17,32,1,30,60:00,13,10,0,0,0,0,0,21,26,0.808,NA,1,13,6,19,46,23,0,0,50,19,8,15,32,2,60,60:00,14,11,0,0,0,0,0,24,30,0.8,NA
2020-02-29,UAlbany Great Danes,Harvard,Home,FALSE,15,14,NA,1,15,11,26,42,24,0,0,36,14,7,13,32,1,30,60:00,14,10,0,0,0,0,0,23,26,0.885,NA,1,14,7,21,32,24,1,0,47,17,9,19,32,3,150,60:00,15,9,0,0,0,0,0,17,22,0.773,NA
2020-03-03,UAlbany Great Danes,Massachusetts,Away,FALSE,12,17,NA,1,12,10,22,33,25,0,0,25,17,7,7,33,6,300,60:00,17,13,0,0,0,0,0,19,25,0.76,NA,1,17,14,31,48,30,3,0,40,17,13,26,33,7,330,60:00,12,13,0,0,0,0,0,12,13,0.923,NA
2020-03-07,UAlbany Great Danes,Maryland,Away,FALSE,13,14,NA,1,13,11,24,38,24,1,0,27,9,7,7,30,3,120,60:00,14,13,0,0,0,0,0,16,17,0.941,NA,1,14,11,25,50,27,1,0,34,17,4,23,30,6,180,60:00,13,11,0,0,0,0,0,15,19,0.789,NA
2020-02-15,UMBC Retrievers,Georgetown,Home,FALSE,8,14,NA,1,8,4,12,34,17,0,0,23,13,9,5,24,2,90,60:00,14,13,0,0,0,0,0,17,21,0.81,NA,1,14,7,21,47,27,1,0,33,15,5,19,24,5,300,60:00,8,9,0,0,0,0,0,16,17,0.941,NA
2020-02-22,UMBC Retrievers,Mount St. Mary's,Away,FALSE,9,4,NA,1,9,2,11,37,18,0,0,26,15,8,7,15,2,60,60:00,4,16,0,0,0,0,0,23,24,0.958,NA,1,4,3,7,33,20,0,0,25,13,6,8,15,6,240,60:00,9,9,0,0,0,0,0,20,22,0.909,NA
2020-02-29,UMBC Retrievers,Sacred Heart,Home,FALSE,13,6,NA,1,13,8,21,44,25,3,0,40,18,12,19,23,3,90,60:00,6,17,0,0,0,0,0,23,26,0.885,NA,1,6,2,8,36,23,0,1,28,21,5,4,23,6,330,60:00,13,12,0,0,0,0,0,24,29,0.828,NA
2020-03-03,UMBC Retrievers,Towson,Home,FALSE,10,5,NA,1,10,4,14,43,28,2,0,31,13,6,13,18,1,60,60:00,5,7,0,0,0,0,0,17,19,0.895,NA,1,5,4,9,30,12,0,0,18,17,6,5,18,6,270,60:00,10,18,0,0,0,0,0,19,20,0.95,NA
2020-03-07,UMBC Retrievers,High Point,Home,FALSE,19,13,NA,1,19,7,26,47,31,3,0,29,12,8,19,34,2,120,60:00,13,9,0,0,0,0,0,19,20,0.95,NA,1,13,6,19,30,22,0,0,28,16,6,15,34,7,360,60:00,19,12,0,0,0,0,0,19,23,0.826,NA
2020-02-08,UMass Lowell River Hawks,Quinnipiac,Home,FALSE,10,9,NA,1,10,4,14,43,20,1,0,17,12,13,3,22,9,420,60:00,9,10,0,0,0,0,0,19,22,0.864,NA,1,9,4,13,40,19,4,0,37,21,5,19,22,2,120,60:00,10,10,0,0,0,0,0,16,21,0.762,NA
2020-02-15,UMass Lowell River Hawks,Boston U.,Home,FALSE,5,13,NA,1,5,4,9,38,22,0,0,38,14,6,10,20,8,510,60:00,13,16,0,0,0,0,0,15,16,0.938,NA,1,13,6,19,47,29,3,0,29,12,7,10,20,5,240,60:00,5,17,0,0,0,0,0,21,23,0.913,NA
2020-02-18,UMass Lowell River Hawks,Holy Cross,Away,FALSE,12,13,1,1,12,8,20,34,19,3,0,29,23,12,10,27,6,240,64:00,13,7,0,0,0,0,0,21,28,0.75,NA,1,13,4,17,43,20,1,0,33,21,9,17,27,5,240,64:00,12,7,0,0,0,0,0,18,22,0.818,1
2020-02-22,UMass Lowell River Hawks,Siena,Away,FALSE,16,15,NA,1,16,11,27,51,31,0,0,39,17,9,23,33,4,150,60:00,15,11,0,0,0,0,0,11,15,0.733,NA,1,15,9,24,43,26,1,0,36,19,8,10,33,3,150,60:00,16,15,0,0,0,0,0,17,22,0.773,NA
2020-02-25,UMass Lowell River Hawks,Massachusetts,Home,FALSE,9,11,NA,1,9,8,17,38,21,0,0,29,19,4,10,24,5,210,60:00,11,14,0,0,0,0,0,18,22,0.818,NA,1,11,8,19,41,25,1,0,27,19,9,14,24,3,90,60:00,9,12,0,0,0,0,0,22,26,0.846,NA
2020-02-29,UMass Lowell River Hawks,Dartmouth,Home,FALSE,5,14,NA,1,5,4,9,33,15,1,0,23,16,2,8,21,5,240,60:00,14,5,0,0,0,0,0,14,15,0.933,NA,1,14,7,21,35,19,1,1,31,15,6,13,21,5,210,60:00,5,10,0,0,0,0,0,18,19,0.947,NA
2020-03-07,UMass Lowell River Hawks,Merrimack,Away,FALSE,8,6,NA,1,8,4,12,42,23,1,0,32,19,9,7,18,5,240,60:00,6,17,0,0,0,0,0,16,22,0.727,NA,1,6,3,9,40,23,0,0,29,18,8,11,18,4,240,60:00,8,15,0,0,0,0,0,17,20,0.85,NA
2020-02-01,Utah Utes,Bellarmine,Home,FALSE,16,10,NA,1,16,13,29,48,36,0,0,35,11,9,17,29,3,120,60:00,10,10,0,0,0,0,0,12,13,0.923,NA,1,10,4,14,35,20,0,0,21,17,3,12,29,0,0,60:00,16,20,0,0,0,0,0,11,12,0.917,NA
2020-02-08,Utah Utes,Lehigh,Away,FALSE,11,16,NA,1,11,7,18,40,23,1,0,35,17,17,11,30,8,330,60:00,16,13,0,0,0,0,0,21,24,0.875,NA,1,16,10,26,48,29,5,0,52,19,10,19,30,4,180,60:00,11,12,0,0,0,0,0,17,19,0.895,NA
2020-02-15,Utah Utes,Air Force,Home,FALSE,8,9,NA,1,8,3,11,38,23,0,0,29,17,3,11,20,1,30,60:00,9,12,0,0,0,0,0,9,12,0.75,NA,1,9,6,15,40,21,0,0,22,11,3,9,20,5,180,60:00,8,15,0,0,0,0,0,13,14,0.929,NA
2020-02-22,Utah Utes,Furman,Home,FALSE,17,9,NA,1,17,10,27,61,39,3,0,33,13,5,20,28,2,120,60:00,9,10,0,0,0,0,0,18,20,0.9,NA,1,9,6,15,34,19,1,0,28,19,6,8,28,7,300,60:00,17,22,0,0,0,0,0,17,21,0.81,NA
2020-02-29,Utah Utes,Jacksonville,Away,FALSE,15,11,NA,1,15,9,24,37,27,2,0,37,15,2,19,29,2,60,60:00,11,15,0,0,0,0,0,16,19,0.842,NA,1,11,5,16,53,26,0,0,30,7,9,10,29,3,120,60:00,15,12,0,0,0,0,0,19,19,1,NA
2020-03-07,Utah Utes,Mount St. Mary's,Away,FALSE,10,11,1,1,10,4,14,25,19,1,0,28,19,7,4,25,2,60,62:53,11,18,0,0,0,0,0,23,26,0.885,NA,1,11,4,15,51,29,1,0,38,18,8,21,25,4,180,62:53,10,9,0,0,0,0,0,16,18,0.889,1
2020-02-15,VMI Keydets,Manhattan,Away,FALSE,8,10,NA,1,8,3,11,39,22,0,0,27,13,10,9,21,1,60,60:00,10,5,0,0,0,0,0,15,18,0.833,NA,1,10,4,14,26,15,2,0,25,21,4,12,21,4,210,60:00,8,14,0,0,0,0,0,19,22,0.864,NA
2020-02-20,VMI Keydets,Lehigh,Away,FALSE,11,14,NA,1,11,6,17,26,19,1,1,35,14,12,10,28,6,240,60:00,14,9,0,0,0,0,0,13,15,0.867,NA,1,14,10,24,34,23,3,0,46,19,8,18,28,2,90,60:00,11,8,0,0,0,0,0,12,14,0.857,NA
2020-02-29,VMI Keydets,Mount St. Mary's,Away,FALSE,9,10,NA,1,9,3,12,27,12,0,0,22,22,5,12,23,6,270,60:00,10,17,0,0,0,0,0,18,22,0.818,NA,1,10,7,17,49,27,1,0,35,15,13,11,23,2,90,60:00,9,3,0,0,0,0,0,17,20,0.85,NA
2020-03-07,VMI Keydets,Richmond,Home,FALSE,4,17,NA,1,4,1,5,24,16,1,0,31,19,9,12,24,2,90,60:00,17,16,0,0,0,0,0,19,23,0.826,NA,1,17,5,22,53,33,0,0,43,17,12,12,24,2,90,60:00,4,12,0,0,0,0,0,23,25,0.92,NA
2020-02-15,Vermont Catamounts,Holy Cross,Away,FALSE,9,10,NA,1,9,5,14,33,20,0,0,24,16,7,9,23,1,30,60:00,10,12,0,0,0,0,0,17,18,0.944,NA,1,10,7,17,40,22,0,0,31,15,12,14,23,1,60,60:00,9,11,0,0,0,0,0,16,21,0.762,NA
2020-02-22,Vermont Catamounts,Quinnipiac,Home,FALSE,16,7,NA,1,16,6,22,49,31,2,0,29,16,10,9,28,0,0,60:00,7,14,0,0,0,0,0,18,21,0.857,NA,1,7,2,9,39,21,0,0,32,16,7,19,28,4,270,60:00,16,15,0,0,0,0,0,11,14,0.786,NA
2020-02-29,Vermont Catamounts,Merrimack,Home,FALSE,9,8,NA,1,9,5,14,28,20,1,0,25,12,9,10,20,8,390,60:00,8,14,0,0,0,0,0,23,26,0.885,NA,1,8,4,12,36,22,0,0,21,15,6,10,20,4,180,60:00,9,11,0,0,0,0,0,17,21,0.81,NA
2020-03-07,Vermont Catamounts,Dartmouth,Home,FALSE,9,8,NA,1,9,5,14,30,23,2,0,23,15,7,11,19,5,270,60:00,8,12,0,0,0,0,0,17,20,0.85,NA,1,8,5,13,31,20,2,0,19,14,7,8,19,5,270,60:00,9,16,0,0,0,0,0,13,16,0.812,NA
2020-02-08,Villanova Wildcats,Penn St.,Home,FALSE,10,19,NA,1,10,4,14,42,19,0,0,18,9,6,11,32,1,60,60:00,19,12,0,0,0,0,0,18,20,0.9,NA,1,19,12,31,51,31,0,2,34,13,2,21,32,3,150,60:00,10,9,0,0,0,0,0,15,18,0.833,NA
2020-02-15,Villanova Wildcats,Yale,Home,FALSE,12,18,NA,1,12,6,18,39,25,1,0,25,7,8,10,34,7,300,60:00,18,7,0,0,0,0,0,17,21,0.81,NA,1,18,9,27,47,25,5,0,30,16,2,24,34,2,120,60:00,12,13,0,0,0,0,0,13,16,0.812,NA
2020-02-18,Villanova Wildcats,Maryland,Home,FALSE,13,12,NA,1,13,8,21,45,25,1,0,27,13,11,12,29,4,210,60:00,12,14,0,0,0,0,0,17,18,0.944,NA,1,12,9,21,38,26,1,0,31,21,7,17,29,3,90,60:00,13,12,0,0,0,0,0,13,18,0.722,NA
2020-02-22,Villanova Wildcats,Hofstra,Away,FALSE,10,8,NA,1,10,7,17,41,19,1,0,29,15,4,10,21,1,30,60:00,8,13,0,0,0,0,0,19,23,0.826,NA,1,8,4,12,46,21,1,0,30,11,6,11,21,2,90,60:00,10,9,0,0,0,0,0,19,19,1,NA
2020-02-29,Villanova Wildcats,Delaware,Away,FALSE,19,10,NA,1,19,11,30,40,22,1,0,40,24,6,19,32,4,210,60:00,10,15,0,0,0,0,0,23,26,0.885,NA,1,10,5,15,46,25,2,0,25,12,13,13,32,4,180,60:00,19,3,0,0,0,0,0,13,14,0.929,NA
2020-03-06,Villanova Wildcats,Penn,Away,FALSE,12,10,NA,1,12,7,19,44,25,3,0,27,12,10,6,26,5,210,60:00,10,14,0,0,0,0,0,15,19,0.789,NA,1,10,7,17,37,24,2,0,34,21,7,20,26,5,150,60:00,12,13,0,0,0,0,0,10,13,0.769,NA
2020-03-08,Villanova Wildcats,Drexel,Home,FALSE,12,15,NA,1,12,8,20,46,26,4,0,40,10,5,16,30,8,360,60:00,15,11,0,0,0,0,0,17,21,0.81,NA,1,15,10,25,42,26,4,0,32,11,6,14,30,6,300,60:00,12,14,0,0,0,0,0,15,15,1,NA
2020-02-08,Virginia Cavaliers,Loyola Maryland,Home,FALSE,12,9,NA,1,12,9,21,44,27,0,0,44,14,8,10,24,8,420,60:00,9,19,0,0,0,0,0,19,24,0.792,NA,1,9,7,16,55,28,3,0,30,15,8,14,24,2,120,60:00,12,15,0,0,0,0,0,18,20,0.9,NA
2020-02-15,Virginia Cavaliers,Lehigh,Home,FALSE,12,8,NA,1,12,8,20,48,26,1,0,45,14,18,11,23,2,120,60:00,8,11,0,0,0,0,0,17,20,0.85,NA,1,8,3,11,28,19,0,0,36,23,6,12,23,1,60,60:00,12,14,0,0,0,0,0,17,24,0.708,NA
2020-02-22,Virginia Cavaliers,Princeton,Home,FALSE,12,16,NA,1,12,7,19,48,28,1,0,50,15,9,17,31,4,180,60:00,16,14,0,0,0,0,0,17,19,0.895,NA,1,16,7,23,46,30,1,0,37,15,6,14,31,3,90,60:00,12,16,0,0,0,0,0,20,28,0.714,NA
2020-02-25,Virginia Cavaliers,High Point,Home,FALSE,18,15,NA,1,18,13,31,57,33,1,0,45,20,4,25,35,5,330,60:00,15,11,0,0,0,0,0,19,19,1,NA,1,15,10,25,36,26,2,0,24,19,6,10,35,3,120,60:00,18,15,0,0,0,0,0,12,16,0.75,NA
2020-03-01,Virginia Cavaliers,Air Force,Home,FALSE,15,5,NA,1,15,10,25,40,27,2,0,37,16,14,14,23,4,240,60:00,5,8,0,0,0,0,0,23,25,0.92,NA,1,5,3,8,28,13,1,0,27,19,7,9,23,4,210,60:00,15,12,0,0,0,0,0,15,23,0.652,NA
2020-03-08,Virginia Cavaliers,Brown,Away,FALSE,13,14,NA,1,13,9,22,54,29,1,0,39,20,8,15,31,4,180,60:00,14,17,0,0,0,0,0,18,22,0.818,NA,1,14,5,19,46,31,2,0,35,14,9,16,31,6,300,60:00,13,16,0,0,0,0,0,19,26,0.731,NA
2020-02-08,Wagner Seahawks,Hofstra,Away,FALSE,11,21,NA,1,11,5,16,30,19,1,0,24,16,3,9,36,3,180,60:00,21,13,0,0,0,0,0,13,17,0.765,NA,1,21,14,35,47,34,3,1,45,17,4,27,36,3,240,60:00,11,8,0,0,0,0,0,17,21,0.81,NA
2020-02-15,Wagner Seahawks,LIU,Away,FALSE,9,8,1,1,9,2,11,45,21,0,0,28,17,6,16,21,1,60,61:43,8,12,0,0,0,0,0,18,20,0.9,1,1,8,5,13,30,20,0,0,20,13,9,5,21,3,120,61:43,9,12,0,0,0,0,0,22,24,0.917,NA
2020-02-22,Wagner Seahawks,Manhattan,Home,FALSE,5,16,NA,1,5,2,7,32,19,1,0,26,16,6,16,24,2,120,60:00,16,8,0,0,0,0,0,16,18,0.889,NA,1,16,13,29,30,24,0,0,28,14,9,8,24,3,150,60:00,5,14,0,0,0,0,0,19,19,1,NA
2020-02-25,Wagner Seahawks,Monmouth,Home,FALSE,5,9,NA,1,5,1,6,27,10,0,0,19,18,5,4,18,4,180,60:00,9,9,0,0,0,0,0,18,21,0.857,NA,1,9,7,16,35,18,1,0,32,17,7,14,18,1,60,60:00,5,5,0,0,0,0,0,14,17,0.824,NA
2020-02-29,Wagner Seahawks,Mercer,Away,FALSE,8,20,NA,1,8,1,9,30,14,1,0,6,9,0,5,31,1,30,60:00,20,10,0,0,0,0,0,9,9,1,NA,1,20,13,33,41,30,0,0,32,11,4,26,31,5,180,60:00,8,6,0,0,0,0,0,10,10,1,NA
2020-03-07,Wagner Seahawks,Hartford,Home,FALSE,9,18,NA,1,9,5,14,34,21,4,0,17,13,8,11,31,8,390,60:00,18,12,0,0,0,0,0,14,17,0.824,NA,1,18,12,30,42,30,4,0,30,11,7,20,31,8,450,60:00,9,12,0,0,0,0,0,11,12,0.917,NA
2020-02-15,"Yale Elis, Bulldogs",Villanova,Away,FALSE,18,12,NA,1,18,9,27,47,25,5,0,30,16,2,24,34,2,120,60:00,12,13,0,0,0,0,0,13,16,0.812,NA,1,12,6,18,39,25,1,0,25,7,8,10,34,7,300,60:00,18,7,0,0,0,0,0,17,21,0.81,NA
2020-02-22,"Yale Elis, Bulldogs",Penn St.,Away,FALSE,12,10,NA,1,12,3,15,42,28,1,0,42,23,9,16,26,4,180,60:00,10,8,0,0,0,0,0,11,22,0.5,NA,1,10,6,16,47,18,2,0,29,25,11,10,26,1,60,60:00,12,16,0,0,0,0,0,17,22,0.773,NA
2020-02-29,"Yale Elis, Bulldogs",Massachusetts,Away,FALSE,10,13,NA,1,10,8,18,38,22,0,0,32,25,6,20,26,3,150,60:00,13,8,0,0,0,0,0,9,14,0.643,NA,1,13,6,19,36,21,0,0,25,14,13,6,26,3,150,60:00,10,12,0,0,0,0,0,15,21,0.714,NA
2020-03-07,"Yale Elis, Bulldogs","Michigan Costa Mesa, Calif.",Away,FALSE,17,11,NA,1,17,11,28,43,31,2,0,33,15,3,27,30,4,120,60:00,11,10,0,0,0,0,0,10,15,0.667,NA,1,11,8,19,47,21,3,0,18,8,12,3,30,4,120,60:00,17,14,0,0,0,0,0,18,20,0.9,NA
